shopee  # Shopee (712 jobs)
coupang  # Coupang (481 jobs)
twilio  # Twilio (388 jobs)
novetta  # Novetta (329 jobs)
qualtrics  # Qualtrics (229 jobs)
acadiapharmaceuticals  # ACADIA Pharmaceuticals (213 jobs)
wework  # WeWork (142 jobs)
fanduel  # FanDuel (135 jobs)
better.com  # Better.com (134 jobs)
crescolabs  # Cresco Labs (130 jobs)
twitch  # Twitch (100 jobs)
coursehero  # Course Hero (86 jobs)
keeptruckin  # KeepTruckin (82 jobs)
tusimple  # TuSimple (81 jobs)
farmersbusinessnetwork  # Farmers Business Network (79 jobs)
canonical  # Canonical (75 jobs)
njoy  # NJOY (74 jobs)
mentalhealthcenterofdenver  # Mental Health Center of Denver (68 jobs)
catawiki  # Catawiki (67 jobs)
medmen  # MedMen (67 jobs)
credible  # Credible (65 jobs)
servicetitan  # ServiceTitan (64 jobs)
niantic  # Niantic (64 jobs)
welbehealth  # WelbeHealth (62 jobs)
tripadvisor  # Tripadvisor (60 jobs)
forgerock  # ForgeRock (59 jobs)
myntra  # Myntra (54 jobs)
affirm  # Affirm (54 jobs)
eositsolutions  # EOS IT Solutions (54 jobs)
enviva  # Enviva (53 jobs)
ivalua  # Ivalua (51 jobs)
liveramp  # LiveRamp (50 jobs)
udacity  # Udacity (47 jobs)
nextgenamerica  # NextGen America (46 jobs)
hangar13  # Hangar 13 (45 jobs)
beyondtrust  # BeyondTrust (44 jobs)
careem  # Careem (44 jobs)
6sense  # 6sense (43 jobs)
democracypreppublicschools  # Democracy Prep Public Schools (40 jobs)
snyk  # Snyk (37 jobs)
sonicwall  # SonicWall (36 jobs)
designwithinreach  # Design Within Reach (35 jobs)
padnos  # PADNOS (34 jobs)
airtable  # Airtable (33 jobs)
corvusinsurance  # Corvus Insurance (33 jobs)
quanterix  # Quanterix (32 jobs)
beekeeper  # Beekeeper (32 jobs)
fischerhomes  # Fischer Homes (31 jobs)
rapp  # RAPP (31 jobs)
fandom  # FANDOM (31 jobs)
showpad  # Showpad (31 jobs)
pendo  # Pendo (30 jobs)
narvar  # Narvar (30 jobs)
samsungresearchamerica  # Samsung Research America (29 jobs)
rocketlab  # Rocket Lab (29 jobs)
recordedfuture  # Recorded Future (29 jobs)
chainalysis  # Chainalysis (28 jobs)
guidepostmontessori  # Guidepost Montessori (28 jobs)
777partners  # 777 Partners (28 jobs)
dealerinspire  # Dealer Inspire (27 jobs)
transmitsecurity  # Transmit Security (27 jobs)
applovin  # AppLovin (26 jobs)
patreon  # Patreon (26 jobs)
dailyharvest  # Daily Harvest (26 jobs)
justworks  # Justworks (25 jobs)
circleci  # CircleCI (25 jobs)
concerthealth  # Concert Health (25 jobs)
ibotta  # Ibotta (24 jobs)
aktana  # Aktana (24 jobs)
conductor  # Conductor (23 jobs)
bitmex  # BitMEX (23 jobs)
readyresponders  # Ready Responders (23 jobs)
kony  # Kony (22 jobs)
gusto  # Gusto (22 jobs)
calm  # Calm (22 jobs)
gillig  # Gillig (21 jobs)
thousandeyes  # ThousandEyes (21 jobs)
resultadosdigitais  # Resultados Digitais (21 jobs)
helix  # Helix (21 jobs)
fixdrepair  # Fixd Repair (21 jobs)
okcoin  # OKCoin (21 jobs)
cbinsights  # CB Insights (20 jobs)
netent  # NetEnt (20 jobs)
housinganywhere  # HousingAnywhere (20 jobs)
life360  # Life360 (20 jobs)
granular  # Granular (20 jobs)
tigergraph  # TigerGraph (20 jobs)
menlosecurity  # Menlo Security (20 jobs)
uncommongoods  # UncommonGoods (18 jobs)
outsetmedical  # Outset Medical (18 jobs)
learnupon  # LearnUpon (18 jobs)
figure  # Figure (18 jobs)
motortrendgroup  # Motor Trend Group (18 jobs)
zume  # Zume (18 jobs)
myplanet  # Myplanet (17 jobs)
leaseweb  # Leaseweb (17 jobs)
civisanalytics  # Civis Analytics (17 jobs)
bitfury  # Bitfury (17 jobs)
g2a  # G2A (17 jobs)
collectiveretreats  # Collective Retreats (17 jobs)
autox  # AutoX (17 jobs)
modernhealth  # Modern Health (17 jobs)
abnormalsecurity  # Abnormal Security (17 jobs)
otak  # Otak (16 jobs)
agilisys  # Agilisys (16 jobs)
bittitan  # BitTitan (16 jobs)
blockchain  # Blockchain (16 jobs)
urbint  # Urbint (16 jobs)
tatari  # Tatari (16 jobs)
lightspeedsystems  # Lightspeed Systems (15 jobs)
amity  # Amity (15 jobs)
2kczech  # 2K Czech (15 jobs)
quantumvisioncenters  # Quantum Vision Centers (15 jobs)
bringg  # Bringg (15 jobs)
homeward  # homeward (15 jobs)
viagogo  # Viagogo (14 jobs)
pocketgems  # Pocket Gems (14 jobs)
taskrabbit  # TaskRabbit (14 jobs)
skilledwoundcare  # Skilled Wound Care (14 jobs)
fenixinternational  # Fenix International (14 jobs)
shifttechnology  # Shift Technology (14 jobs)
netlify  # Netlify (14 jobs)
autonomic  # Autonomic (14 jobs)
coindesk  # CoinDesk (14 jobs)
ethoslife  # Ethos Life (14 jobs)
vungle  # Vungle (13 jobs)
cipherhealth  # CipherHealth (13 jobs)
paybyphone  # PayByPhone (13 jobs)
quartethealth  # Quartet Health (13 jobs)
intersection  # Intersection (13 jobs)
roivantsciences  # Roivant Sciences (13 jobs)
feather  # Feather (13 jobs)
envisionconsulting  # Envision Consulting (13 jobs)
financialtechnologypartners  # Financial Technology Partners (12 jobs)
adzerk  # Adzerk (12 jobs)
acommerce  # aCommerce (12 jobs)
pager  # Pager (12 jobs)
processstreet  # Process Street (12 jobs)
nurx  # Nurx (12 jobs)
anchorage  # Anchorage (12 jobs)
sidewalklabs  # Sidewalk Labs (12 jobs)
mozilla  # Mozilla (11 jobs)
javelinagency  # Javelin Agency (11 jobs)
intelextechnologies  # Intelex Technologies (11 jobs)
convercent  # Convercent (11 jobs)
entelo  # Entelo (11 jobs)
propel  # Propel (11 jobs)
plainvillefarms  # Plainville Farms (10 jobs)
airtime  # Airtime (10 jobs)
metromile  # Metromile (10 jobs)
patientpop  # PatientPop (10 jobs)
litify  # Litify (10 jobs)
propellerindustries  # Propeller Industries (10 jobs)
bombas  # Bombas (10 jobs)
nuna  # Nuna (10 jobs)
townsquareignite  # Townsquare Ignite (10 jobs)
dandelionenergy  # Dandelion Energy (10 jobs)
zededa  # ZEDEDA (10 jobs)
edapp  # EdApp (10 jobs)
organic  # Organic (9 jobs)
gumgum  # GumGum (9 jobs)
voxy  # Voxy (9 jobs)
dashlane  # Dashlane (9 jobs)
alertmedia  # AlertMedia (9 jobs)
virtuance  # Virtuance (9 jobs)
newstore  # NewStore (9 jobs)
128technology  # 128 Technology (9 jobs)
aclima  # Aclima (9 jobs)
cardinalpeak  # Cardinal Peak (9 jobs)
homer  # HOMER (9 jobs)
airkit  # Airkit (9 jobs)
envato  # Envato (8 jobs)
mastercardfoundation  # MasterCard Foundation (8 jobs)
roidna  # ROI DNA (8 jobs)
truemotion  # TrueMotion (8 jobs)
highergroundeducation  # Higher Ground Education (8 jobs)
upstreamusa  # Upstream USA (8 jobs)
abstract  # Abstract (8 jobs)
learnplatform  # LearnPlatform (8 jobs)
mercato  # Mercato (8 jobs)
padsplit  # PadSplit (8 jobs)
enova  # Enova (7 jobs)
tripwireinteractive  # TRIPWIRE INTERACTIVE (7 jobs)
socialcode  # SocialCode (7 jobs)
accelerationpartners  # Acceleration Partners (7 jobs)
yieldify  # Yieldify (7 jobs)
callrail  # CallRail (7 jobs)
singular  # Singular (7 jobs)
fullstory  # FullStory (7 jobs)
avetta  # Avetta (7 jobs)
greatjones  # Great Jones (7 jobs)
3cloud  # 3Cloud (7 jobs)
zetacharterschools  # Zeta Charter Schools (7 jobs)
brookfieldproperties  # Brookfield Properties (6 jobs)
askmediagroup  # Ask Media Group (6 jobs)
athinkingape  # A Thinking Ape (6 jobs)
honeybook  # HoneyBook (6 jobs)
wistia  # Wistia (6 jobs)
mishimoto  # Mishimoto (6 jobs)
lighthouseautismcenter  # Lighthouse Autism Center (6 jobs)
salaryfinance  # Salary Finance (6 jobs)
phdata  # phData (6 jobs)
spaceiq  # SpaceIQ (6 jobs)
jetty  # Jetty (6 jobs)
credijusto  # Credijusto (6 jobs)
technicalassent  # Technical Assent (6 jobs)
embark.com  # Embark.com (5 jobs)
smartdrivesystems  # SmartDrive Systems (5 jobs)
hcss  # HCSS (5 jobs)
renaissancefinancial  # Renaissance Financial (5 jobs)
metova  # Metova (5 jobs)
inkling  # Inkling (5 jobs)
everfi  # EVERFI (5 jobs)
varsitytutors  # Varsity Tutors (5 jobs)
donorschoose.org  # DonorsChoose.org (5 jobs)
classicalcharterschools  # Classical Charter Schools (5 jobs)
jornaya  # Jornaya (5 jobs)
ingenuityprep  # Ingenuity Prep (5 jobs)
bluevine  # BlueVine (5 jobs)
gpm  # GPM (5 jobs)
360campaignconsulting  # 360 Campaign Consulting (5 jobs)
rachio  # RACHIO (5 jobs)
yousician  # Yousician (5 jobs)
mapmycustomers  # Map My Customers (5 jobs)
intivix  # Intivix (5 jobs)
onewebsatellites  # OneWeb Satellites (5 jobs)
wirewheel  # WireWheel (5 jobs)
sendwave  # Sendwave (5 jobs)
chathamfinancial  # Chatham Financial (4 jobs)
accordionpartners  # Accordion Partners (4 jobs)
greatist  # Greatist (4 jobs)
starkcompanyrealtors  # Stark Company Realtors (4 jobs)
cais  # CAIS (4 jobs)
yieldmo  # Yieldmo (4 jobs)
2kvegas  # 2K Vegas (4 jobs)
equityzen  # EquityZen (4 jobs)
interana  # Interana (4 jobs)
builtin  # Built In (4 jobs)
mynd  # MYND (4 jobs)
climacell  # ClimaCell (4 jobs)
virtualhealth  # VirtualHealth (4 jobs)
permutive  # Permutive (4 jobs)
cohley  # Cohley (4 jobs)
shapeshift  # ShapeShift (4 jobs)
summer  # Summer (4 jobs)
sightlinemediagroup  # Sightline Media Group (3 jobs)
prontoforms  # ProntoForms (3 jobs)
friendsurance  # Friendsurance (3 jobs)
callibrity  # Callibrity (3 jobs)
betterworks  # betterworks (3 jobs)
mydoc  # MyDoc (3 jobs)
acuitysystems  # Acuity Systems (3 jobs)
theinfatuation  # The Infatuation (3 jobs)
seated  # Seated (3 jobs)
avochato  # Avochato (3 jobs)
dydx  # dYdX (3 jobs)
beautifuldestinations  # Beautiful Destinations (3 jobs)
casmatherapeutics  # Casma Therapeutics (3 jobs)
insideview  # InsideView (2 jobs)
healthtap  # HealthTap (2 jobs)
mavic  # Mavic (2 jobs)
purplestrategies  # Purple Strategies (2 jobs)
colossalmedia  # Colossal Media (2 jobs)
plotly  # Plotly (2 jobs)
thelibragroup  # The Libra Group (2 jobs)
embroker  # Embroker (2 jobs)
giantoak  # Giant Oak (2 jobs)
lambda  # Lambda (2 jobs)
giantmachines  # Giant Machines (2 jobs)
sourcescrub  # SourceScrub (2 jobs)
valence  # Valence (2 jobs)
next47  # next47 (2 jobs)
gremlin  # Gremlin (2 jobs)
datagrail  # DataGrail (2 jobs)
eyeelements  # Eye Elements (2 jobs)
starship  # Starship (2 jobs)
humio  # Humio (2 jobs)
universityofchicago  # University of Chicago (1 jobs)
huntsworth  # Huntsworth (1 jobs)
constantcontact  # Constant Contact (1 jobs)
rfbinder  # RF Binder (1 jobs)
90octane  # 90octane (1 jobs)
ondeck  # OnDeck (1 jobs)
culthealth  # CultHealth (1 jobs)
questbridge  # QuestBridge (1 jobs)
fahlgrenmortine  # Fahlgren Mortine (1 jobs)
thebusinessbacker  # The Business Backer (1 jobs)
mhelpdesk  # mHelpDesk (1 jobs)
poppin  # Poppin (1 jobs)
lineate  # Lineate (1 jobs)
craftjack  # CraftJack (1 jobs)
gonimbly  # Go Nimbly (1 jobs)
rxbar  # RXBAR (1 jobs)
loans2go  # Loans 2 GO (1 jobs)
wayup  # WayUp (1 jobs)
dumontproject  # DuMont Project (1 jobs)
khanlabschool  # Khan Lab School (1 jobs)
picturemotion  # Picture Motion (1 jobs)
zeamo  # Zeamo (1 jobs)
axon  # Axon (1 jobs)
gyst  # GYST (1 jobs)
nfx  # NFX (1 jobs)
wellist  # Wellist (1 jobs)
enveritas  # Enveritas (1 jobs)
orderful  # Orderful (1 jobs)
skyryse  # Skyryse (1 jobs)
protectiveinsurance  # Protective Insurance (0 jobs)
verifone  # Verifone (0 jobs)
essencecommunications  # Essence Communications (0 jobs)
pamperedchef  # Pampered Chef (0 jobs)
intersystems  # InterSystems (0 jobs)
tenfold  # Tenfold (0 jobs)
escada  # ESCADA (0 jobs)
centaurtechnology  # Centaur Technology (0 jobs)
liveperson  # LivePerson (0 jobs)
arenapharmaceuticals  # Arena Pharmaceuticals (0 jobs)
onespan  # OneSpan (0 jobs)
intarciatherapeutics  # Intarcia Therapeutics (0 jobs)
scout24  # Scout24 (0 jobs)
jackmorton  # Jack Morton (0 jobs)
boingo  # Boingo (0 jobs)
basistechnology  # Basis Technology (0 jobs)
webershandwick  # Weber Shandwick (0 jobs)
octagon  # Octagon (0 jobs)
syskahennessy  # Syska Hennessy (0 jobs)
vestacorporation  # Vesta Corporation (0 jobs)
archibus  # Archibus (0 jobs)
manhattanbeerdistributors  # Manhattan Beer Distributors (0 jobs)
xprize  # XPRIZE (0 jobs)
targetbase  # Targetbase (0 jobs)
roku  # Roku (0 jobs)
intellidyne  # IntelliDyne (0 jobs)
lincolninternational  # Lincoln International (0 jobs)
nativeinstruments  # Native Instruments (0 jobs)
cytokinetics  # Cytokinetics (0 jobs)
baidu  # Baidu (0 jobs)
spacex  # SpaceX (0 jobs)
sourcephotonics  # Source Photonics (0 jobs)
silversky  # SilverSky (0 jobs)
lindenlab  # Linden Lab (0 jobs)
marinsoftware  # Marin Software (0 jobs)
mitratech  # Mitratech (0 jobs)
hobsons  # Hobsons (0 jobs)
agero  # Agero (0 jobs)
udig  # UDig (0 jobs)
naughtydog  # Naughty Dog (0 jobs)
wayfair  # Wayfair (0 jobs)
huge  # Huge (0 jobs)
redventures  # Red Ventures (0 jobs)
23andme  # 23andMe (0 jobs)
dcprep  # DC Prep (0 jobs)
guidepoint  # Guidepoint (0 jobs)
shoes.com  # Shoes.com (0 jobs)
clarabridge  # Clarabridge (0 jobs)
businessonline  # BusinessOnline (0 jobs)
codeandtheory  # Code and Theory (0 jobs)
marklogic  # MarkLogic (0 jobs)
reddoorinteractive  # Red Door Interactive (0 jobs)
rclco  # RCLCO (0 jobs)
zuora  # Zuora (0 jobs)
roblox  # Roblox (0 jobs)
americanmanagementservices  # American Management Services (0 jobs)
optiver  # Optiver (0 jobs)
imagination  # Imagination (0 jobs)
credera  # Credera (0 jobs)
riotgames  # Riot Games (0 jobs)
aksia  # Aksia (0 jobs)
zocdoc  # Zocdoc (0 jobs)
jumptrading  # Jump Trading (0 jobs)
charlesriverassociates  # Charles River Associates (0 jobs)
nuix  # Nuix (0 jobs)
appneta  # AppNeta (0 jobs)
artisanpartners  # Artisan Partners (0 jobs)
vestmark  # Vestmark (0 jobs)
govplace  # Govplace (0 jobs)
optym  # Optym (0 jobs)
bbrpartners  # BBR Partners (0 jobs)
stelligent  # Stelligent (0 jobs)
shutterstock  # Shutterstock (0 jobs)
magnitudecapital  # Magnitude Capital (0 jobs)
nintex  # Nintex (0 jobs)
apptio  # Apptio (0 jobs)
headspring  # Headspring (0 jobs)
ehana  # Ehana (0 jobs)
dataxu  # dataxu (0 jobs)
enfusion  # Enfusion (0 jobs)
medeanalytics  # MedeAnalytics (0 jobs)
themarketingarm  # The Marketing Arm (0 jobs)
gtl  # GTL (0 jobs)
webbank  # WebBank (0 jobs)
docusign  # DocuSign (0 jobs)
conviva  # Conviva (0 jobs)
philzcoffee  # Philz Coffee (0 jobs)
christiancareministry  # Christian Care Ministry (0 jobs)
geocent  # Geocent (0 jobs)
lookout  # Lookout (0 jobs)
oneacrefund  # One Acre Fund (0 jobs)
powerreviews  # PowerReviews (0 jobs)
sapphiredigital  # Sapphire Digital (0 jobs)
townsquaremedia  # Townsquare Media (0 jobs)
pepperjam  # Pepperjam (0 jobs)
vectorusa  # VectorUSA (0 jobs)
veracode  # Veracode (0 jobs)
mediamath  # MediaMath (0 jobs)
arctouch  # ArcTouch (0 jobs)
apixio  # Apixio (0 jobs)
unanet  # Unanet (0 jobs)
fintrac  # Fintrac (0 jobs)
servicechannel  # ServiceChannel (0 jobs)
reservoirlabs  # Reservoir Labs (0 jobs)
healthesystems  # Healthesystems (0 jobs)
landscapeforms  # Landscape Forms (0 jobs)
brightidea  # Brightidea (0 jobs)
neatorobotics  # Neato Robotics (0 jobs)
smule  # Smule (0 jobs)
floridamedicalclinic  # Florida Medical Clinic (0 jobs)
clarksoneyecare  # Clarkson Eyecare (0 jobs)
modsquad  # ModSquad (0 jobs)
purpose  # Purpose (0 jobs)
alliancecollegereadypublicschools  # Alliance College Ready Public Schools (0 jobs)
igloosoftware  # IGLOO Software (0 jobs)
1010data  # 1010data (0 jobs)
g5  # G5 (0 jobs)
fareportal  # Fareportal (0 jobs)
sidlee  # Sid Lee (0 jobs)
tollesonwealthmanagement  # Tolleson Wealth Management (0 jobs)
onemedical  # One Medical (0 jobs)
taboola  # Taboola (0 jobs)
surveygizmo  # SurveyGizmo (0 jobs)
3playmedia  # 3Play Media (0 jobs)
airbnb  # Airbnb (0 jobs)
energyhub  # EnergyHub (0 jobs)
stocktwits  # StockTwits (0 jobs)
evernote  # Evernote (0 jobs)
mixpanel  # Mixpanel (0 jobs)
nationalporkboard  # National Pork Board (0 jobs)
logrhythm  # LogRhythm (0 jobs)
dropbox  # Dropbox (0 jobs)
yeti  # YETI (0 jobs)
zipwhip  # Zipwhip (0 jobs)
braintree  # Braintree (0 jobs)
listrak  # Listrak (0 jobs)
cloudflare  # Cloudflare (0 jobs)
dimagi  # Dimagi (0 jobs)
mongodb  # MongoDB (0 jobs)
leportschools  # LePort Schools (0 jobs)
noom  # Noom (0 jobs)
storm8  # Storm8 (0 jobs)
cloudreach  # Cloudreach (0 jobs)
ridecell  # Ridecell (0 jobs)
okta  # Okta (0 jobs)
bigcommerce  # BigCommerce (0 jobs)
venmo  # Venmo (0 jobs)
trustpilot  # Trustpilot (0 jobs)
iacollaborative  # IA Collaborative (0 jobs)
prezi  # Prezi (0 jobs)
buildium  # Buildium (0 jobs)
jamasoftware  # Jama Software (0 jobs)
alphasights  # AlphaSights (0 jobs)
clover  # Clover (0 jobs)
squarespace  # Squarespace (0 jobs)
trace3  # Trace3 (0 jobs)
levelaccess  # Level Access (0 jobs)
preload  # Preload (0 jobs)
onelogin  # OneLogin (0 jobs)
seatgeek  # SeatGeek (0 jobs)
collibra  # Collibra (0 jobs)
smugmug  # SmugMug (0 jobs)
gsacapital  # GSA Capital (0 jobs)
nextiva  # Nextiva (0 jobs)
doximity  # Doximity (0 jobs)
convene  # Convene (0 jobs)
voxmedia  # Vox Media (0 jobs)
buzzfeed  # BuzzFeed (0 jobs)
havaianas  # Havaianas (0 jobs)
realself  # RealSelf (0 jobs)
druva  # Druva (0 jobs)
enstoa  # Enstoa (0 jobs)
nordeus  # Nordeus (0 jobs)
presencelearning  # PresenceLearning (0 jobs)
gurustudio  # Guru Studio (0 jobs)
hover  # HOVER (0 jobs)
socialbakers  # Socialbakers (0 jobs)
willowtree  # WillowTree (0 jobs)
pubnub  # PubNub (0 jobs)
greystonetechnology  # Greystone Technology (0 jobs)
noblestudios  # Noble Studios (0 jobs)
jfrog  # JFrog (0 jobs)
codeforamerica  # Code for America (0 jobs)
adswizz  # Adswizz (0 jobs)
dealerrater  # DealerRater (0 jobs)
billtrust  # Billtrust (0 jobs)
kabbage  # Kabbage (0 jobs)
akunacapital  # AKUNA CAPITAL (0 jobs)
hootsuite  # Hootsuite (0 jobs)
academictravelabroad  # Academic Travel Abroad (0 jobs)
postmates  # Postmates (0 jobs)
blab  # B Lab (0 jobs)
sareptatherapeutics  # Sarepta Therapeutics (0 jobs)
transferwise  # TransferWise (0 jobs)
ardentmc  # ArdentMC (0 jobs)
barrel  # Barrel (0 jobs)
babbel  # Babbel (0 jobs)
walkersands  # Walker Sands (0 jobs)
zerocater  # ZeroCater (0 jobs)
fabfitfun  # FabFitFun (0 jobs)
phenomenon  # PHENOMENON (0 jobs)
vumedi  # VuMedi (0 jobs)
optoro  # Optoro (0 jobs)
sweetgreen  # sweetgreen (0 jobs)
eztexting  # EZ Texting (0 jobs)
themxgroup  # The Mx Group (0 jobs)
nextdoor  # Nextdoor (0 jobs)
ayasdi  # Ayasdi (0 jobs)
vodori  # Vodori (0 jobs)
retailnext  # RetailNext (0 jobs)
symphonymediaai  # Symphony MediaAI (0 jobs)
novinium  # Novinium (0 jobs)
birchbox  # Birchbox (0 jobs)
atkg  # ATKG (0 jobs)
stripe  # Stripe (0 jobs)
opensesame  # OpenSesame (0 jobs)
trivago  # trivago (0 jobs)
kik  # Kik (0 jobs)
sumup  # SumUp (0 jobs)
ampush  # Ampush (0 jobs)
elementum  # Elementum (0 jobs)
thesourcery  # The Sourcery (0 jobs)
qumulo  # Qumulo (0 jobs)
thirdlove  # ThirdLove (0 jobs)
nerdwallet  # NerdWallet (0 jobs)
bettercloud  # BetterCloud (0 jobs)
zabertechnologies  # Zaber Technologies (0 jobs)
gurussolutions  # Gurus Solutions (0 jobs)
getyourguide  # GetYourGuide (0 jobs)
esparklearning  # eSpark Learning (0 jobs)
percolate  # Percolate (0 jobs)
gravitypayments  # Gravity Payments (0 jobs)
bishopfox  # Bishop Fox (0 jobs)
lyft  # Lyft (0 jobs)
sproutsocial  # Sprout Social (0 jobs)
aerospike  # Aerospike (0 jobs)
alku  # ALKU (0 jobs)
joor  # JOOR (0 jobs)
teneo  # Teneo (0 jobs)
netskope  # Netskope (0 jobs)
symphony  # Symphony (0 jobs)
moduscreate  # Modus Create (0 jobs)
talroo  # Talroo (0 jobs)
movableink  # Movable Ink (0 jobs)
aweber  # AWeber (0 jobs)
redapt  # Redapt (0 jobs)
healthsystemsinformatics  # Health Systems Informatics (0 jobs)
harlemvillageacademies  # Harlem Village Academies (0 jobs)
moz  # Moz (0 jobs)
trinitylogistics  # Trinity Logistics (0 jobs)
shoprunner  # ShopRunner (0 jobs)
feedzai  # Feedzai (0 jobs)
thehonestcompany  # The Honest Company (0 jobs)
townsquareinteractive  # Townsquare Interactive (0 jobs)
infinidat  # Infinidat (0 jobs)
novoed  # NovoEd (0 jobs)
silverline  # Silverline (0 jobs)
cargurus  # CarGurus (0 jobs)
elastic  # Elastic (0 jobs)
tahzoo  # Tahzoo (0 jobs)
salesloft  # SalesLoft (0 jobs)
myheritage  # MyHeritage (0 jobs)
squarefoot  # SquareFoot (0 jobs)
clever  # Clever (0 jobs)
tailwind  # Tailwind (0 jobs)
slickdeals  # Slickdeals (0 jobs)
consumerdirectcarenetwork  # Consumer Direct Care Network (0 jobs)
ecobee  # ecobee (0 jobs)
pandadoc  # PandaDoc (0 jobs)
linqia  # Linqia (0 jobs)
digicert  # DigiCert (0 jobs)
thetradedesk  # The Trade Desk (0 jobs)
integraladscience  # Integral Ad Science (0 jobs)
stitchfix  # Stitch Fix (0 jobs)
invitae  # Invitae (0 jobs)
gutcheck  # GutCheck (0 jobs)
adurobiotech  # Aduro BioTech (0 jobs)
fareharbor  # FareHarbor (0 jobs)
carbonfive  # Carbon Five (0 jobs)
rev.com  # Rev.com (0 jobs)
reformation  # Reformation (0 jobs)
womply  # Womply (0 jobs)
nexamp  # Nexamp (0 jobs)
acorio  # Acorio (0 jobs)
hackerrank  # HackerRank (0 jobs)
topsteptrader  # TopstepTrader (0 jobs)
ginlane  # Gin Lane (0 jobs)
hired  # Hired (0 jobs)
betterment  # Betterment (0 jobs)
thoughtspot  # ThoughtSpot (0 jobs)
synack  # Synack (0 jobs)
yummly  # Yummly (0 jobs)
diffbot  # Diffbot (0 jobs)
breather  # Breather (0 jobs)
mashstudios  # MASHstudios (0 jobs)
invoca  # Invoca (0 jobs)
performline  # PerformLine (0 jobs)
adaptivefinancialconsulting  # Adaptive Financial Consulting (0 jobs)
africanleadershipacademy  # African Leadership Academy (0 jobs)
phmg  # PHMG (0 jobs)
asymmetrik  # Asymmetrik (0 jobs)
sofarsounds  # Sofar Sounds (0 jobs)
flatironhealth  # Flatiron Health (0 jobs)
ginger.io  # Ginger.io (0 jobs)
appsflyer  # AppsFlyer (0 jobs)
higherlogic  # Higher Logic (0 jobs)
saucelabs  # Sauce Labs (0 jobs)
terakeet  # Terakeet (0 jobs)
keplergroup  # Kepler Group (0 jobs)
fitsmallbusiness.com  # FitSmallBusiness.com (0 jobs)
yotpo  # Yotpo (0 jobs)
formlabs  # Formlabs (0 jobs)
wizeline  # Wizeline (0 jobs)
mapbox  # Mapbox (0 jobs)
mobilityware  # MobilityWare (0 jobs)
strv  # STRV (0 jobs)
sisense  # Sisense (0 jobs)
drop  # Drop (0 jobs)
10xgenomics  # 10x Genomics (0 jobs)
fyber  # Fyber (0 jobs)
leagueapps  # LeagueApps (0 jobs)
goal  # Goal (0 jobs)
trilliontechnologysolutions  # Trillion Technology Solutions (0 jobs)
mountainsidetreatmentcenter  # Mountainside Treatment Center (0 jobs)
lob  # Lob (0 jobs)
segment  # Segment (0 jobs)
songtrust  # Songtrust (0 jobs)
bbyo  # BBYO (0 jobs)
datarobot  # DataRobot (0 jobs)
teltech  # Teltech (0 jobs)
transcriptic  # Transcriptic (0 jobs)
smcp  # SMCP (0 jobs)
bookbub  # BookBub (0 jobs)
policygenius  # Policygenius (0 jobs)
republicschools  # RePublic Schools (0 jobs)
vlocity  # Vlocity (0 jobs)
triplelift  # TripleLift (0 jobs)
givelify  # Givelify (0 jobs)
zemax  # Zemax (0 jobs)
spothero  # SpotHero (0 jobs)
mightyhive  # MightyHive (0 jobs)
noredink  # NoRedInk (0 jobs)
subsplash  # Subsplash (0 jobs)
slack  # Slack (0 jobs)
potato  # Potato (0 jobs)
mparticle  # mParticle (0 jobs)
os33  # OS33 (0 jobs)
databricks  # Databricks (0 jobs)
tacg  # TACG (0 jobs)
beautylish  # Beautylish (0 jobs)
redjack  # Redjack (0 jobs)
compareasiagroup  # CompareAsiaGroup (0 jobs)
adjust  # Adjust (0 jobs)
madisonreed  # Madison Reed (0 jobs)
bugcrowd  # Bugcrowd (0 jobs)
lendinghome  # LendingHome (0 jobs)
clutter  # Clutter (0 jobs)
flipp  # Flipp (0 jobs)
acorns  # Acorns (0 jobs)
punchh  # Punchh (0 jobs)
nationalallianceforpubliccharterschools  # National Alliance for Public Charter Schools (0 jobs)
bark  # Bark (0 jobs)
cruise  # Cruise (0 jobs)
herodigital  # Hero Digital (0 jobs)
mcghealth  # MCG Health (0 jobs)
dreamdry  # DreamDry (0 jobs)
zymergen  # Zymergen (0 jobs)
elixirr  # Elixirr (0 jobs)
rhythmone  # RhythmOne (0 jobs)
checkr  # Checkr (0 jobs)
iorahealth  # Iora Health (0 jobs)
paddle  # Paddle (0 jobs)
healthiq  # Health IQ (0 jobs)
casper  # Casper (0 jobs)
upwork  # Upwork (0 jobs)
banza  # Banza (0 jobs)
talkdesk  # Talkdesk (0 jobs)
redbubble  # Redbubble (0 jobs)
salsify  # Salsify (0 jobs)
commonbond  # CommonBond (0 jobs)
fashionnova  # Fashion Nova (0 jobs)
bennettoptometry  # Bennett Optometry (0 jobs)
capspire  # capSpire (0 jobs)
survios  # Survios (0 jobs)
riskified  # Riskified (0 jobs)
brewdog  # BrewDog (0 jobs)
inkhouse  # InkHouse (0 jobs)
kenzan  # Kenzan (0 jobs)
morningconsult  # Morning Consult (0 jobs)
fullbeaker  # Full Beaker (0 jobs)
hourglasscosmetics  # Hourglass Cosmetics (0 jobs)
blackspoke  # Blackspoke (0 jobs)
planomatic  # PlanOmatic (0 jobs)
cloverhealth  # Clover Health (0 jobs)
ourhealth  # OurHealth (0 jobs)
lumapps  # LumApps (0 jobs)
cohesity  # Cohesity (0 jobs)
plethora  # Plethora (0 jobs)
newsela  # Newsela (0 jobs)
evbox  # EVBox (0 jobs)
fundbox  # Fundbox (0 jobs)
mcpeakvisionpartners  # McPeak Vision Partners (0 jobs)
remitly  # Remitly (0 jobs)
trustautomation  # Trust Automation (0 jobs)
vestiairecollective  # Vestiaire Collective (0 jobs)
mintdentistry  # Mint Dentistry (0 jobs)
suvoda  # Suvoda (0 jobs)
tcgplayer  # TCGplayer (0 jobs)
aminoapps  # Amino Apps (0 jobs)
pixlee  # Pixlee (0 jobs)
todaytix  # TodayTix (0 jobs)
cybereason  # Cybereason (0 jobs)
rstudio  # RStudio (0 jobs)
honor  # Honor (0 jobs)
archrival  # Archrival (0 jobs)
glovo  # Glovo (0 jobs)
vaticlabs  # Vatic Labs (0 jobs)
actblue  # ActBlue (0 jobs)
aptos  # Aptos (0 jobs)
lifion  # Lifion (0 jobs)
coherusbiosciences  # Coherus BioSciences (0 jobs)
villagemd  # VillageMD (0 jobs)
mark43  # Mark43 (0 jobs)
presence  # Presence (0 jobs)
paintzen  # Paintzen (0 jobs)
usermind  # Usermind (0 jobs)
iterable  # Iterable (0 jobs)
thedigitrustgroup  # The DigiTrust Group (0 jobs)
simscale  # SimScale (0 jobs)
bluecrew  # BlueCrew (0 jobs)
veem  # Veem (0 jobs)
videoamp  # VideoAmp (0 jobs)
drift  # Drift (0 jobs)
modernize  # Modernize (0 jobs)
theskimm  # theSkimm (0 jobs)
bombora  # Bombora (0 jobs)
hginsights  # HG Insights (0 jobs)
audentestherapeutics  # Audentes Therapeutics (0 jobs)
hyperwallet  # Hyperwallet (0 jobs)
threatquotient  # ThreatQuotient (0 jobs)
talespin  # Talespin (0 jobs)
cockroachlabs  # Cockroach Labs (0 jobs)
klaviyo  # Klaviyo (0 jobs)
stok  # stok (0 jobs)
sdxcentral  # SDxCentral (0 jobs)
travelperk  # TravelPerk (0 jobs)
inturn  # INTURN (0 jobs)
motus  # Motus (0 jobs)
emulate  # Emulate (0 jobs)
cypresscreekrenewables  # Cypress Creek Renewables (0 jobs)
freeassociation  # Free Association (0 jobs)
zwift  # Zwift (0 jobs)
augury  # Augury (0 jobs)
nationalresearchgroup  # National Research Group (0 jobs)
nearform  # NearForm (0 jobs)
historynet  # HistoryNet (0 jobs)
stackcommerce  # StackCommerce (0 jobs)
younow  # YouNow (0 jobs)
immunocore  # Immunocore (0 jobs)
demandgen  # DemandGen (0 jobs)
scalesec  # ScaleSec (0 jobs)
calendly  # Calendly (0 jobs)
saxum  # Saxum (0 jobs)
precisionhawk  # PrecisionHawk (0 jobs)
benchling  # Benchling (0 jobs)
triplemint  # TRIPLEMINT (0 jobs)
downtownmusicpublishing  # Downtown Music Publishing (0 jobs)
billgo  # BillGO (0 jobs)
dealpath  # Dealpath (0 jobs)
hudsonblvdgroup  # Hudson Blvd Group (0 jobs)
execonline  # ExecOnline (0 jobs)
caliberschools  # Caliber Schools (0 jobs)
homebase  # Homebase (0 jobs)
paxlabs  # PAX Labs (0 jobs)
searchdiscovery  # Search Discovery (0 jobs)
toyotaconnected  # Toyota Connected (0 jobs)
glossier  # Glossier (0 jobs)
earnup  # EarnUp (0 jobs)
clarifai  # Clarifai (0 jobs)
elationhealth  # Elation Health (0 jobs)
ambulnz  # Ambulnz (0 jobs)
thinkific  # Thinkific (0 jobs)
blueconic  # BlueConic (0 jobs)
medici  # Medici (0 jobs)
finder  # Finder (0 jobs)
newfortressenergy  # New Fortress Energy (0 jobs)
stratifyd  # Stratifyd (0 jobs)
readyrobotics  # READY Robotics (0 jobs)
floyd  # Floyd (0 jobs)
ellevest  # Ellevest (0 jobs)
commonwealthjoe  # Commonwealth Joe (0 jobs)
hashicorp  # HashiCorp (0 jobs)
turbonomic  # Turbonomic (0 jobs)
caredox  # CareDox (0 jobs)
apeelsciences  # Apeel Sciences (0 jobs)
textiq  # Text IQ (0 jobs)
tiltingpoint  # Tilting Point (0 jobs)
amperity  # Amperity (0 jobs)
mealpal  # MealPal (0 jobs)
tripactions  # TripActions (0 jobs)
silananotechnologies  # Sila Nanotechnologies (0 jobs)
versussystems  # Versus Systems (0 jobs)
collectiveinsights  # Collective Insights (0 jobs)
emplify  # Emplify (0 jobs)
cuyana  # Cuyana (0 jobs)
postlight  # Postlight (0 jobs)
puretechhealth  # PureTech Health (0 jobs)
worldsurfleague  # World Surf League (0 jobs)
bitmovin  # Bitmovin (0 jobs)
januarydigital  # January Digital (0 jobs)
katerra  # Katerra (0 jobs)
scandit  # Scandit (0 jobs)
mraassociates  # MRA Associates (0 jobs)
caredash  # CareDash (0 jobs)
gympass  # Gympass (0 jobs)
firstorion  # First Orion (0 jobs)
veterinarypracticepartners  # Veterinary Practice Partners (0 jobs)
lola  # LOLA (0 jobs)
teepublic  # TeePublic (0 jobs)
mersive  # Mersive (0 jobs)
contentful  # Contentful (0 jobs)
ownbackup  # OwnBackup (0 jobs)
ns1  # NS1 (0 jobs)
taxjar  # TaxJar (0 jobs)
leafgroup  # Leaf Group (0 jobs)
sigstr  # Sigstr (0 jobs)
mpowerfinancing  # MPOWER Financing (0 jobs)
kasisto  # Kasisto (0 jobs)
tripleseat  # Tripleseat (0 jobs)
rockerbox  # Rockerbox (0 jobs)
sonder  # Sonder (0 jobs)
plus3itsystems  # Plus3 IT Systems (0 jobs)
healthjoy  # HealthJoy (0 jobs)
solvvy  # Solvvy (0 jobs)
connatix  # Connatix (0 jobs)
beyondfinance  # Beyond Finance (0 jobs)
zylo  # Zylo (0 jobs)
hypr  # HYPR (0 jobs)
junipersquare  # Juniper Square (0 jobs)
landit  # Landit (0 jobs)
nuro  # Nuro (0 jobs)
ringdna  # RingDNA (0 jobs)
chargeitpro  # ChargeItPro (0 jobs)
crowdstreet  # CrowdStreet (0 jobs)
notablelabs  # Notable Labs (0 jobs)
clicktherapeutics  # Click Therapeutics (0 jobs)
flockfreight  # Flock Freight (0 jobs)
girleffect  # Girl Effect (0 jobs)
superhuman  # Superhuman (0 jobs)
arachnys  # Arachnys (0 jobs)
gosite  # GoSite (0 jobs)
waymo  # Waymo (0 jobs)
lilium  # Lilium (0 jobs)
amitree  # Amitree (0 jobs)
lattice  # Lattice (0 jobs)
mightynetworks  # Mighty Networks (0 jobs)
expel  # Expel (0 jobs)
trellisrx  # Trellis Rx (0 jobs)
cayuse  # Cayuse (0 jobs)
dishcraftrobotics  # Dishcraft Robotics (0 jobs)
chanzuckerberginitiative  # Chan Zuckerberg Initiative (0 jobs)
lemonade  # Lemonade (0 jobs)
realequitymanagement  # Real Equity Management (0 jobs)
stackrox  # StackRox (0 jobs)
datometry  # Datometry (0 jobs)
englishdermatology  # English Dermatology (0 jobs)
machinemetrics  # MachineMetrics (0 jobs)
nextgengrowthpartners  # NextGen Growth Partners (0 jobs)
atomwise  # Atomwise (0 jobs)
mindstrong  # Mindstrong (0 jobs)
wundercapital  # Wunder Capital (0 jobs)
secondmeasure  # Second Measure (0 jobs)
veorobotics  # Veo Robotics (0 jobs)
terramera  # Terramera (0 jobs)
agolo  # Agolo (0 jobs)
theprimaryschool  # The Primary School (0 jobs)
6riversystems  # 6 River Systems (0 jobs)
pivotbio  # Pivot Bio (0 jobs)
shipwell  # Shipwell (0 jobs)
kloudless  # Kloudless (0 jobs)
privy  # Privy (0 jobs)
citig  # CITIG (0 jobs)
armory  # Armory (0 jobs)
aurorainnovation  # Aurora Innovation (0 jobs)
greenlots  # Greenlots (0 jobs)
mixtiles  # Mixtiles (0 jobs)
lifelabslearning  # LifeLabs Learning (0 jobs)
marketplacestrategy  # Marketplace Strategy (0 jobs)
ghostery  # Ghostery (0 jobs)
faire  # Faire (0 jobs)
freerangegames  # Free Range Games (0 jobs)
braze  # Braze (0 jobs)
orangebarrelmedia  # Orange Barrel Media (0 jobs)
elementanalytics  # Element Analytics (0 jobs)
hypergiant  # Hypergiant (0 jobs)
venteclifesystems  # Ventec Life Systems (0 jobs)
freestar  # Freestar (0 jobs)
federatedwireless  # Federated Wireless (0 jobs)
deliveryassociates  # Delivery Associates (0 jobs)
needtoimpeach  # Need to Impeach (0 jobs)
nautiluslabs  # Nautilus Labs (0 jobs)
squareroots  # Square Roots (0 jobs)
mixmax  # Mixmax (0 jobs)
imply  # Imply (0 jobs)
kalderos  # Kalderos (0 jobs)
ns8  # NS8 (0 jobs)
auterion  # Auterion (0 jobs)
noblr  # NOBLR (0 jobs)
sollishealth  # Sollis Health (0 jobs)
staffbase  # Staffbase (0 jobs)
deepmap  # DeepMap (0 jobs)
altisales  # AltiSales (0 jobs)
hylaine  # Hylaine (0 jobs)
allbirds  # Allbirds (0 jobs)
helloheart  # Hello Heart (0 jobs)
pathai  # PathAI (0 jobs)
picnichealth  # PicnicHealth (0 jobs)
candid  # Candid (0 jobs)
magentatherapeutics  # Magenta Therapeutics (0 jobs)
topbox  # Topbox (0 jobs)
shift7digital  # Shift7 Digital (0 jobs)
algorithmia  # Algorithmia (0 jobs)
fearless  # Fearless (0 jobs)
zxventures  # Zx Ventures (0 jobs)
falkonry  # Falkonry (0 jobs)
datacoral  # Datacoral (0 jobs)
brex  # Brex (0 jobs)
shapescale  # ShapeScale (0 jobs)
genomemedical  # Genome Medical (0 jobs)
fieldwire  # Fieldwire (0 jobs)
sezzle  # Sezzle (0 jobs)
carnegietechnologies  # Carnegie Technologies (0 jobs)
helpware  # Helpware (0 jobs)
305fitness  # 305 Fitness (0 jobs)
xfl  # XFL (0 jobs)
flocksafety  # Flock Safety (0 jobs)
mobydish  # MobyDish (0 jobs)
remesh  # Remesh (0 jobs)
bird  # Bird (0 jobs)
electricai  # Electric AI (0 jobs)
genies  # Genies (0 jobs)
makersights  # MakerSights (0 jobs)
venturedevs  # VentureDevs (0 jobs)
safegraph  # SafeGraph (0 jobs)
secondordereffects  # Second Order Effects (0 jobs)
carmera  # CARMERA (0 jobs)
livly  # Livly (0 jobs)
skupos  # Skupos (0 jobs)
admithub  # AdmitHub (0 jobs)
govpredict  # GovPredict (0 jobs)
rydoo  # Rydoo (0 jobs)
disqo  # DISQO (0 jobs)
lilyai  # Lily AI (0 jobs)
thankview  # Thankview (0 jobs)
pathrobotics  # Path Robotics (0 jobs)
sandstonecare  # Sandstone Care (0 jobs)
apstra  # Apstra (0 jobs)
incloudcounsel  # InCloudCounsel (0 jobs)
mobsquad  # MobSquad (0 jobs)
hintmd  # HintMD (0 jobs)
lakanto  # Lakanto (0 jobs)
understood  # Understood (0 jobs)
revolutionarysecurity  # Revolutionary Security (0 jobs)
immersivelabs  # Immersive Labs (0 jobs)
engineeringusa  # Engineering USA (0 jobs)
antler  # Antler (0 jobs)
moxehealth  # Moxe Health (0 jobs)
rippling  # Rippling (0 jobs)
abacusinsights  # Abacus Insights (0 jobs)
thrasio  # Thrasio (0 jobs)
sundae  # Sundae (0 jobs)
ubiquity6  # Ubiquity6 (0 jobs)
brightside  # Brightside (0 jobs)
hudsonmx  # Hudson MX (0 jobs)
boldcharterschool  # BOLD Charter School (0 jobs)
bigleafnetworks  # Bigleaf Networks (0 jobs)
mikmak  # MikMak (0 jobs)
saturncloud  # Saturn Cloud (0 jobs)
kerauno  # Kerauno (0 jobs)
loon  # Loon (0 jobs)
vouchinsurance  # Vouch Insurance (0 jobs)
wundermanthompson  # Wunderman Thompson (0 jobs)
d2iq  # D2iQ (0 jobs)
clumio  # Clumio (0 jobs)
impira  # Impira (0 jobs)
strateos  # Strateos (0 jobs)
ammeonsolutions  # Ammeon Solutions (0 jobs)
kesselrun  # Kessel Run (0 jobs)
obamafoundation  # Obama Foundation (0 jobs)
tracerlabs  # Tracer Labs (0 jobs)
servicetrade  # ServiceTrade (0 jobs)
yellowbrickdata  # Yellowbrick Data (0 jobs)
bloomscape  # Bloomscape (0 jobs)
prodperfect  # ProdPerfect (0 jobs)
singleops  # SingleOps (0 jobs)
herocosmetics  # Hero Cosmetics (0 jobs)
carvana  # Carvana (439 jobs)
greenthumbindustries  # Green Thumb Industries (183 jobs)
2k  # 2K (167 jobs)
acronis  # Acronis (144 jobs)
flexport  # Flexport (117 jobs)
celonis  # Celonis (117 jobs)
warbyparker  # Warby Parker (114 jobs)
xorsecurity  # XOR Security (107 jobs)
asana  # Asana (97 jobs)
tencent  # Tencent (94 jobs)
centriahealthcare  # Centria Healthcare (92 jobs)
doctolib  # Doctolib (90 jobs)
carta  # Carta (87 jobs)
starry  # Starry (81 jobs)
bjss  # BJSS (78 jobs)
eleviassociates  # ELEVI Associates (77 jobs)
similarweb  # SimilarWeb (76 jobs)
unqork  # Unqork (76 jobs)
yext  # Yext (72 jobs)
wrike  # Wrike (68 jobs)
generalassembly  # General Assembly (66 jobs)
aspireiq  # AspireIQ (66 jobs)
darkwolfsolutions  # Dark Wolf Solutions (64 jobs)
purestorage  # Pure Storage (63 jobs)
venturegloballng  # Venture Global LNG (62 jobs)
coitgroup  # Coit Group (59 jobs)
duolingo  # Duolingo (58 jobs)
traveloka  # Traveloka (53 jobs)
reddit  # Reddit (51 jobs)
twistbioscience  # Twist Bioscience (51 jobs)
appier  # Appier (50 jobs)
lendingtree  # LendingTree (49 jobs)
northamericantitle  # North American Title (49 jobs)
aclara  # Aclara (49 jobs)
telesign  # TeleSign (47 jobs)
wizardsofthecoast  # Wizards of the Coast (45 jobs)
heal  # Heal (43 jobs)
acquia  # Acquia (41 jobs)
blockfi  # BlockFi (40 jobs)
schweigerdermatologygroup  # Schweiger Dermatology Group (39 jobs)
homelight  # HomeLight (39 jobs)
guildeducation  # Guild Education (39 jobs)
fueled  # Fueled (36 jobs)
behavox  # Behavox (35 jobs)
clearwateranalytics  # Clearwater Analytics (34 jobs)
project44  # project44 (34 jobs)
dominodatalab  # Domino Data Lab (33 jobs)
voltaic  # Voltaic (33 jobs)
olympusproperty  # Olympus Property (32 jobs)
fetchrewards  # Fetch Rewards (32 jobs)
playq  # PlayQ (30 jobs)
poshmark  # Poshmark (29 jobs)
lgcypower  # LGCY Power (29 jobs)
sysdig  # Sysdig (28 jobs)
recursionpharmaceuticals  # Recursion Pharmaceuticals (28 jobs)
arteza  # Arteza (28 jobs)
bandwidth  # Bandwidth (27 jobs)
makespace  # MakeSpace (27 jobs)
instabase  # Instabase (27 jobs)
opentable  # OpenTable (26 jobs)
vimeo  # Vimeo (26 jobs)
turo  # Turo (26 jobs)
andela  # Andela (26 jobs)
kustomer  # Kustomer (26 jobs)
inspire11  # Inspire11 (26 jobs)
github  # GitHub (25 jobs)
brainly  # Brainly (25 jobs)
knotel  # Knotel (25 jobs)
statestitle  # States Title (25 jobs)
omadahealth  # Omada Health (24 jobs)
cabify  # Cabify (24 jobs)
expanse  # Expanse (24 jobs)
thirtymadison  # Thirty Madison (24 jobs)
vapotherm  # Vapotherm (23 jobs)
nanostring  # NanoString (23 jobs)
memsql  # MemSQL (23 jobs)
learfieldimgcollege  # Learfield IMG College (23 jobs)
slice  # Slice (23 jobs)
insomniacgames  # Insomniac Games (22 jobs)
thumbtack  # Thumbtack (22 jobs)
cardlytics  # Cardlytics (22 jobs)
cortica  # Cortica (22 jobs)
axios  # Axios (22 jobs)
maymobility  # May Mobility (22 jobs)
groupm  # GroupM (21 jobs)
catapultsports  # Catapult Sports (21 jobs)
viber  # Viber (21 jobs)
schoolmint  # SchoolMint (21 jobs)
bloomreach  # Bloomreach (20 jobs)
scalablepress  # Scalable Press (20 jobs)
zilingo  # Zilingo (20 jobs)
pinegaterenewables  # Pine Gate Renewables (20 jobs)
greenparksports  # GreenPark Sports (20 jobs)
wpp  # WPP (19 jobs)
fusionworldwide  # Fusion Worldwide (19 jobs)
capitalmanagement  # Capital Management (19 jobs)
domo  # Domo (19 jobs)
webflow  # Webflow (19 jobs)
wanderjaunt  # WanderJaunt (19 jobs)
ovo  # OVO (19 jobs)
meltwater  # Meltwater (18 jobs)
wooga  # Wooga (18 jobs)
duda  # Duda (18 jobs)
classy  # Classy (18 jobs)
offerup  # OfferUp (18 jobs)
incorta  # Incorta (18 jobs)
elementai  # Element AI (18 jobs)
soroco  # Soroco (18 jobs)
paige  # Paige (18 jobs)
pricespider  # PriceSpider (17 jobs)
touchbistro  # TouchBistro (17 jobs)
ultramobile  # Ultra Mobile (17 jobs)
envoy  # Envoy (17 jobs)
classdojo  # ClassDojo (17 jobs)
peartherapeutics  # Pear Therapeutics (17 jobs)
groupninemedia  # Group Nine Media (17 jobs)
prometheusrealestategroup  # Prometheus Real Estate Group (16 jobs)
goodfeet  # Good Feet (16 jobs)
qualia  # Qualia (16 jobs)
opploans  # OppLoans (16 jobs)
nutrabolt  # Nutrabolt (16 jobs)
intercom  # Intercom (16 jobs)
urbnleaf  # Urbn Leaf (16 jobs)
innovativemicrotechnology  # Innovative Micro Technology (15 jobs)
nextroll  # NextRoll (15 jobs)
christfellowship  # Christ Fellowship (15 jobs)
berlinrosen  # BerlinRosen (15 jobs)
commerceiq  # CommerceIQ (15 jobs)
gofundme  # GoFundMe (15 jobs)
sovrn  # Sovrn (15 jobs)
bva  # BVA (15 jobs)
evolvevacationrental  # Evolve Vacation Rental (15 jobs)
rapha  # Rapha (15 jobs)
simondata  # Simon Data (15 jobs)
gcmgrosvenor  # GCM Grosvenor (14 jobs)
zenefits  # Zenefits (14 jobs)
indexexchange  # Index Exchange (14 jobs)
pushpay  # Pushpay (14 jobs)
vault  # Vault (14 jobs)
humaninterest  # Human Interest (14 jobs)
quip  # quip (14 jobs)
noodle.ai  # Noodle.ai (14 jobs)
coherehealth  # Cohere Health (14 jobs)
dewpoint  # Dewpoint (13 jobs)
foundationacademies  # Foundation Academies (13 jobs)
pmg  # PMG (13 jobs)
kinneygroup  # Kinney Group (13 jobs)
persado  # Persado (13 jobs)
socure  # Socure (13 jobs)
away  # Away (13 jobs)
ocus  # OCUS (13 jobs)
trusaic  # Trusaic (13 jobs)
narrativ  # Narrativ (12 jobs)
ziforndsolutions  # Zifo RnD Solutions (12 jobs)
knotstandard  # Knot Standard (12 jobs)
havenlife  # Haven Life (12 jobs)
split  # Split (12 jobs)
polymathventures  # Polymath Ventures (12 jobs)
notion  # Notion (12 jobs)
sigmacomputing  # Sigma Computing (12 jobs)
sentry  # Sentry (11 jobs)
jenzabar  # Jenzabar (11 jobs)
chartboost  # Chartboost (11 jobs)
blueapron  # Blue Apron (11 jobs)
cambridgesemantics  # Cambridge Semantics (11 jobs)
employeenavigator  # Employee Navigator (11 jobs)
flexiontherapeutics  # Flexion Therapeutics (11 jobs)
b12  # B12 (11 jobs)
aetion  # Aetion (11 jobs)
lynxanalytics  # Lynx Analytics (11 jobs)
logdna  # LogDNA (11 jobs)
hebrewpublic  # Hebrew Public (11 jobs)
lightship  # Lightship (11 jobs)
axogen  # Axogen (10 jobs)
linkedin  # LinkedIn (10 jobs)
arenanet  # ArenaNet (10 jobs)
woodrodgers  # Wood Rodgers (10 jobs)
innovid  # Innovid (10 jobs)
khanacademy  # Khan Academy (10 jobs)
smarkets  # Smarkets (10 jobs)
jobleads  # JobLeads (10 jobs)
hiya  # Hiya (10 jobs)
dynamotechnologies  # Dynamo Technologies (10 jobs)
rebag  # Rebag (10 jobs)
able  # Able (10 jobs)
popsockets  # PopSockets (10 jobs)
bitgo  # BitGo (10 jobs)
pathstream  # Pathstream (10 jobs)
mediacom  # MediaCom (9 jobs)
metropolis  # Metropolis (9 jobs)
cogolabs  # Cogo Labs (9 jobs)
m3  # M3 (9 jobs)
edx  # edX (9 jobs)
heyday  # Heyday (9 jobs)
passport  # Passport (9 jobs)
sevenrooms  # SevenRooms (9 jobs)
philo  # Philo (9 jobs)
m1finance  # M1 Finance (9 jobs)
comfy  # Comfy (9 jobs)
capitalontap  # Capital on Tap (9 jobs)
hinterland  # Hinterland (9 jobs)
boosterfuels  # Booster Fuels (9 jobs)
whiteops  # White Ops (9 jobs)
eero  # eero (9 jobs)
fictiv  # Fictiv (9 jobs)
creatoriq  # CreatorIQ (9 jobs)
trialspark  # TrialSpark (9 jobs)
feinternational  # FE International (9 jobs)
gallerymediagroup  # Gallery Media Group (9 jobs)
epic  # Epic (8 jobs)
calibrate  # Calibrate (8 jobs)
brookfieldresidential  # Brookfield Residential (8 jobs)
apartmentlist  # Apartment List (8 jobs)
eastharlemtutorialprogram  # East Harlem Tutorial Program (8 jobs)
ribbon  # Ribbon (8 jobs)
weissassetmanagement  # Weiss Asset Management (8 jobs)
summitpublicschools  # Summit Public Schools (8 jobs)
praxent  # Praxent (8 jobs)
agari  # Agari (8 jobs)
rubiconmd  # RubiconMD (8 jobs)
hctechnologies  # HC Technologies (8 jobs)
jopwell  # Jopwell (8 jobs)
cardflight  # CardFlight (8 jobs)
phoenixcontact  # Phoenix Contact (7 jobs)
demandbase  # Demandbase (7 jobs)
twg  # TWG (7 jobs)
mercyforanimals  # Mercy For Animals (7 jobs)
jwplayer  # JW Player (7 jobs)
updater  # Updater (7 jobs)
konux  # KONUX (7 jobs)
mindstreaminteractive  # Mindstream Interactive (7 jobs)
benchprep  # BenchPrep (7 jobs)
mux  # Mux (7 jobs)
credsimple  # CredSimple (7 jobs)
marketmuse  # MarketMuse (7 jobs)
censys  # Censys (7 jobs)
oddball  # Oddball (7 jobs)
codersclan  # CodersClan (7 jobs)
limeade  # Limeade (6 jobs)
reciprocity  # Reciprocity (6 jobs)
evive  # Evive (6 jobs)
strava  # Strava (6 jobs)
modaoperandi  # Moda Operandi (6 jobs)
venturewell  # VentureWell (6 jobs)
nulogy  # Nulogy (6 jobs)
omaze  # Omaze (6 jobs)
aceable  # Aceable (6 jobs)
bullischarterschool  # Bullis Charter School (6 jobs)
samsungnext  # Samsung NEXT (6 jobs)
citizen  # Citizen (6 jobs)
smallgirlspr  # Small Girls PR (6 jobs)
well  # Well (6 jobs)
desktopmetal  # Desktop Metal (6 jobs)
unitedmasters  # UnitedMasters (6 jobs)
polysign  # PolySign (6 jobs)
pansophiclearning  # Pansophic Learning (6 jobs)
lodestone  # Lodestone (6 jobs)
tacobell  # Taco Bell (5 jobs)
synchronet  # SynchroNet (5 jobs)
colemanresearch  # Coleman Research (5 jobs)
istreamplanet  # iStreamPlanet (5 jobs)
alma  # Alma (5 jobs)
marsdiscoverydistrict  # MaRS Discovery District (5 jobs)
good2go  # Good2Go (5 jobs)
softbankrobotics  # SoftBank Robotics (5 jobs)
designmind  # DesignMind (5 jobs)
suitsupply  # Suitsupply (5 jobs)
cana  # Cana (5 jobs)
embark  # Embark (5 jobs)
anaconda  # Anaconda (5 jobs)
dna  # DNA (5 jobs)
kirasystems  # Kira Systems (5 jobs)
triplebyte  # Triplebyte (5 jobs)
cota  # COTA (5 jobs)
thepennyhoarder  # The Penny Hoarder (5 jobs)
neat  # Neat (5 jobs)
foundershield  # Founder Shield (5 jobs)
brightflag  # Brightflag (5 jobs)
atlassand  # Atlas Sand (5 jobs)
wachsman  # Wachsman (5 jobs)
540  # 540 (5 jobs)
carerev  # CareRev (5 jobs)
asg  # ASG (5 jobs)
ieqcapital  # IEQ Capital (5 jobs)
bubble  # Bubble (5 jobs)
firehydrant  # FireHydrant (5 jobs)
grayling  # Grayling (4 jobs)
keystonestrategy  # Keystone Strategy (4 jobs)
broadsign  # Broadsign (4 jobs)
propellerhealth  # Propeller Health (4 jobs)
pathlight  # Pathlight (4 jobs)
genuine  # Genuine (4 jobs)
infotrust  # InfoTrust (4 jobs)
meundies  # MeUndies (4 jobs)
signatureanalytics  # Signature Analytics (4 jobs)
communityhousingworks  # Community HousingWorks (4 jobs)
tapresearch  # TapResearch (4 jobs)
republicwireless  # Republic Wireless (4 jobs)
metalab  # MetaLab (4 jobs)
cb4  # CB4 (4 jobs)
redesignhealth  # Redesign Health (4 jobs)
neonlogistics  # Neon Logistics (4 jobs)
nationalfloodservices  # National Flood Services (3 jobs)
dots  # Dots (3 jobs)
velocityelectronics  # Velocity Electronics (3 jobs)
tezatechnologies  # Teza Technologies (3 jobs)
bmf  # BMF (3 jobs)
memic  # MEMIC (3 jobs)
omidyarnetwork  # Omidyar Network (3 jobs)
rotorstudios  # Rotor Studios (3 jobs)
expertvoice  # ExpertVoice (3 jobs)
insitemanagedsolutions  # Insite Managed Solutions (3 jobs)
poppulo  # Poppulo (3 jobs)
hudl  # Hudl (3 jobs)
slyce  # Slyce (3 jobs)
theperfectworkout  # The Perfect Workout (3 jobs)
magoosh  # Magoosh (3 jobs)
nealanalytics  # Neal Analytics (3 jobs)
create  # Create (3 jobs)
alphapublicschools  # Alpha Public Schools (3 jobs)
roadie  # Roadie (3 jobs)
recordconnect  # Record Connect (3 jobs)
providertrust  # ProviderTrust (3 jobs)
citybase  # CityBase (3 jobs)
noah  # Noah (3 jobs)
mackweldon  # Mack Weldon (3 jobs)
stateless  # Stateless (3 jobs)
mco  # MCO (3 jobs)
shiftleft  # ShiftLeft (3 jobs)
naspers  # Naspers (2 jobs)
marakon  # Marakon (2 jobs)
metrostarsystems  # MetroStar Systems (2 jobs)
paradigm  # Paradigm (2 jobs)
argent  # Argent (2 jobs)
echoinggreen  # Echoing Green (2 jobs)
coneyislandprep  # Coney Island Prep (2 jobs)
lift  # LIFT (2 jobs)
jumpstart  # Jumpstart (2 jobs)
sailthru  # Sailthru (2 jobs)
flamingo  # Flamingo (2 jobs)
agilevelocity  # Agile Velocity (2 jobs)
outfit7  # Outfit7 (2 jobs)
flowhub  # Flowhub (2 jobs)
fluxx  # Fluxx (2 jobs)
cadre  # Cadre (2 jobs)
livelovepolish  # Live Love Polish (2 jobs)
bluegranite  # BlueGranite (2 jobs)
clubhousesoftware  # Clubhouse Software (2 jobs)
doublealabs  # Double A Labs (2 jobs)
ancientnutrition  # Ancient Nutrition (2 jobs)
polly  # Polly (2 jobs)
tourlane  # Tourlane (2 jobs)
allazohealth  # AllazoHealth (2 jobs)
savvy  # Savvy (2 jobs)
forward787  # Forward787 (2 jobs)
futurebrand  # FutureBrand (1 jobs)
lasenza  # La Senza (1 jobs)
stripes  # Stripes (1 jobs)
bcc  # BCC (1 jobs)
microvest  # MicroVest (1 jobs)
energage  # Energage (1 jobs)
steelhouse  # SteelHouse (1 jobs)
rhythm  # Rhythm (1 jobs)
lextechglobalservices  # Lextech Global Services (1 jobs)
signpost  # Signpost (1 jobs)
axiomtechnologygroup  # Axiom Technology Group (1 jobs)
paladin  # Paladin (1 jobs)
scalecomputing  # Scale Computing (1 jobs)
deborahberkepartners  # Deborah Berke Partners (1 jobs)
mogointeractive  # Mogo Interactive (1 jobs)
emerge  # Emerge (1 jobs)
inventables  # Inventables (1 jobs)
yesler  # Yesler (1 jobs)
guinnessworldrecords  # Guinness World Records (1 jobs)
veniam  # Veniam (1 jobs)
represent  # Represent (1 jobs)
healthquarters  # HealthQuarters (1 jobs)
gitlab  # GitLab (1 jobs)
a24  # A24 (1 jobs)
insightrx  # InsightRX (1 jobs)
campminder  # CampMinder (1 jobs)
macgregorpartners  # MacGregor Partners (1 jobs)
interplayventures  # Interplay Ventures (1 jobs)
geminitherapeutics  # Gemini Therapeutics (1 jobs)
xealth  # Xealth (1 jobs)
centrexit  # centrexIT (1 jobs)
maestroqa  # MaestroQA (1 jobs)
room  # ROOM (1 jobs)
liquidinstruments  # Liquid Instruments (1 jobs)
truebotanicals  # True Botanicals (1 jobs)
terumoaortic  # Terumo Aortic (1 jobs)
currentglobal  # Current Global (1 jobs)
emerge  # Emerge (1 jobs)
bcv  # BCV (0 jobs)
hotwire  # Hotwire (0 jobs)
archetype  # Archetype (0 jobs)
studiosarchitecture  # STUDIOS Architecture (0 jobs)
events  # Events (0 jobs)
sme  # SME (0 jobs)
struck  # Struck (0 jobs)
mosaictechnologiesgroup  # MOSAIC Technologies Group (0 jobs)
quid  # Quid (0 jobs)
clc  # CLC (0 jobs)
curalate  # Curalate (0 jobs)
observeit  # ObserveIT (0 jobs)
fabric  # Fabric (0 jobs)
datastrategy  # Data Strategy (0 jobs)
pearllawgroup  # Pearl Law Group (0 jobs)
maindatagroup  # Main Data Group (0 jobs)
dmgevents  # dmg events (0 jobs)
mirum  # Mirum (0 jobs)
admios  # Admios (0 jobs)
hammerhead  # Hammerhead (0 jobs)
canopy  # Canopy (0 jobs)
giphy  # GIPHY (0 jobs)
stablekernel  # Stable Kernel (0 jobs)
hugo  # Hugo (0 jobs)
omobono  # Omobono (0 jobs)
liquidsky  # LiquidSky (0 jobs)
yorkinternationalagency  # York International Agency (0 jobs)
yaypay  # YayPay (0 jobs)
originhouse  # Origin House (0 jobs)
pyka  # Pyka (0 jobs)
paciolan  # Paciolan (0 jobs)
papaya  # Papaya (0 jobs)
chasecenter  # Chase Center (0 jobs)
stone  # Stone (415 jobs)
eyecarepartners  # EyeCare Partners (361 jobs)
dentalcorp  # dentalcorp (359 jobs)
capco  # CAPCO (244 jobs)
viessmann  # Viessmann (224 jobs)
capco  # Capco (195 jobs)
therealreal  # The RealReal (194 jobs)
puls  # Puls (194 jobs)
capco  # Capco (193 jobs)
physiciansimmediatecare  # Physicians Immediate Care (175 jobs)
curaleaf  # Curaleaf (173 jobs)
acvauctions  # ACV Auctions (166 jobs)
anaplan  # Anaplan (152 jobs)
rockstargames  # Rockstar Games (137 jobs)
better  # Better (134 jobs)
appian  # Appian (132 jobs)
acronis  # Acronis (131 jobs)
robinhood  # Robinhood (131 jobs)
indigo  # IndiGo (124 jobs)
adyen  # Adyen (122 jobs)
mindgeek  # MindGeek (120 jobs)
better  # Better (114 jobs)
workato  # Workato (114 jobs)
aegisliving  # Aegis Living (104 jobs)
infarm  # InFarm (102 jobs)
savatree  # SavATree (100 jobs)
studio  # STUDIO (100 jobs)
newsignature  # New Signature (99 jobs)
janestreet  # Jane Street (96 jobs)
sagedental  # Sage Dental (96 jobs)
rubrik  # Rubrik (96 jobs)
indigo  # Indigo (92 jobs)
indigo  # Indigo (92 jobs)
fulfillment.com  # Fulfillment.com (91 jobs)
agcbiologics  # AGC Biologics (89 jobs)
stockx  # StockX (88 jobs)
dept.ofconsumer&businessservices  # Dept. of Consumer & Business Services (87 jobs)
dept.ofchildrenandfamilyservices  # Dept. of Children and Family Services (87 jobs)
signifyhealth  # Signify Health (87 jobs)
bigbluemarbleacademy  # Big Blue Marble Academy (85 jobs)
bottomlinetechnologies  # Bottom Line Technologies (82 jobs)
godaddy  # GoDaddy (81 jobs)
bucknerinternational  # Buckner International (79 jobs)
datto  # Datto (77 jobs)
deliveroo  # Deliveroo (76 jobs)
carta  # CARTA (76 jobs)
2u  # 2U (75 jobs)
endurance  # Endurance (74 jobs)
crowdskout  # Crowdskout (74 jobs)
via.com  # Via.com (72 jobs)
aje  # AJE (71 jobs)
appdirect  # AppDirect (70 jobs)
sennder  # Sennder (68 jobs)
sumologic  # Sumo Logic (66 jobs)
shift  # SHIFT (65 jobs)
shift.org  # Shift.org (65 jobs)
shift.io  # SHIFT.io (65 jobs)
shift  # Shift (63 jobs)
fivesky  # Fivesky (59 jobs)
knowbe4  # KnowBe4 (58 jobs)
argo  # Argo (57 jobs)
simplisafe  # SimpliSafe (57 jobs)
sprinklr  # Sprinklr (55 jobs)
bottomlinetechnologies  # Bottomline Technologies (54 jobs)
chowbus  # Chowbus (53 jobs)
gohealth  # GoHealth (52 jobs)
gatewaylearninggroup  # Gateway Learning Group (52 jobs)
uniteus  # Unite US (52 jobs)
surveymonkey  # SurveyMonkey (51 jobs)
harrys.trumancollege  # HARRY S. TRUMAN COLLEGE (51 jobs)
harrys  # Harrys (51 jobs)
harrys.trumanlibrary&museum  # Harry S. Truman Library & Museum (51 jobs)
grammarly  # Grammarly (50 jobs)
ziprecruiter  # ZipRecruiter (48 jobs)
wellsky  # WellSky (47 jobs)
smartsheet  # Smartsheet (47 jobs)
depop  # Depop (47 jobs)
onetrust  # OneTrust (45 jobs)
creditas  # Creditas (45 jobs)
cannondesign  # CannonDesign (44 jobs)
cranialtechnologies  # Cranial Technologies (44 jobs)
freenow  # FREE NOW (44 jobs)
lush  # Lush (43 jobs)
vaynermedia  # VaynerMedia (43 jobs)
criticalmass  # Critical Mass (42 jobs)
inmobi  # InMobi (42 jobs)
doubleverify  # DoubleVerify (42 jobs)
healthgrades  # Healthgrades (42 jobs)
samsara  # Samsara (42 jobs)
dialpad  # Dialpad (41 jobs)
arcticwolfnetworks  # Arctic Wolf Networks (41 jobs)
konradgroup  # Konrad Group (38 jobs)
discord  # Discord (38 jobs)
marqeta  # Marqeta (38 jobs)
worldremit  # WorldRemit (38 jobs)
kinaxis  # Kinaxis (37 jobs)
snagajob  # Snagajob (36 jobs)
mailchimp  # Mailchimp (36 jobs)
abarca  # Abarca (36 jobs)
sendbird  # SendBird (36 jobs)
solstice  # Solstice (36 jobs)
oanda  # OANDA (35 jobs)
dataminr  # Dataminr (35 jobs)
amplitude  # Amplitude (35 jobs)
givenscommunities  # Givens Communities (35 jobs)
freenome  # Freenome (35 jobs)
boxycharm  # Boxy Charm (34 jobs)
eleanorhealth  # Eleanor Health (34 jobs)
landor  # Landor (33 jobs)
tillster  # Tillster (33 jobs)
clear  # Clear (33 jobs)
geniussports  # Genius Sports (33 jobs)
clear.blue  # Clear.blue (33 jobs)
glassdoor  # Glassdoor (32 jobs)
sunnyside  # Sunnyside (32 jobs)
criticalmass  # Critical Mass (32 jobs)
rampage  # Rampage (31 jobs)
level  # LEVEL (31 jobs)
rapp  # Rapp (31 jobs)
templafy  # Templafy (31 jobs)
bigid  # BigID (31 jobs)
flowtraders  # Flow Traders (30 jobs)
torcrobotics  # TORC Robotics (30 jobs)
safetyculture  # SafetyCulture (30 jobs)
eyecarecenter  # Eye Care Center (30 jobs)
sypartners  # SYPartners (29 jobs)
fivestars  # Fivestars (29 jobs)
justanswer  # JustAnswer (29 jobs)
eyecareassociates  # Eye Care Associates (29 jobs)
eyecarecenter  # eyecarecenter (29 jobs)
common  # COMMON (29 jobs)
eyecareassociates  # EyeCare Associates (29 jobs)
digitalonus  # Digital OnUs (29 jobs)
eyecareassociates  # Eye Care Associates (28 jobs)
innovaccer  # InnovAccer (28 jobs)
signavio  # Signavio (28 jobs)
common  # Common (28 jobs)
flyhomes  # FlyHomes (28 jobs)
jmaclending  # JMAC Lending (27 jobs)
select  # Select (27 jobs)
juullabs  # JUUL Labs (27 jobs)
phreesia  # Phreesia (26 jobs)
ifood.tv  # iFood.tv (26 jobs)
gotion  # Gotion (26 jobs)
vixxo  # Vixxo (26 jobs)
acloudguru  # A Cloud Guru (26 jobs)
consensys  # ConsenSys (26 jobs)
missionlane  # Mission Lane (26 jobs)
piedmont  # Piedmont (25 jobs)
collegetrack  # College Track (25 jobs)
evergreen  # Evergreen (25 jobs)
splice  # SPLICE (25 jobs)
evergreen  # Evergreen (25 jobs)
evergreen  # EverGreen (25 jobs)
moloco  # Moloco (25 jobs)
didi  # Didi (25 jobs)
smartasset  # SmartAsset (24 jobs)
fourkites  # FourKites (24 jobs)
papayaglobal  # Papaya Global (24 jobs)
tecovas  # Tecovas (24 jobs)
givensestates  # Givens Estates (23 jobs)
renttherunway  # Rent The Runway (23 jobs)
shopkeep  # ShopKeep (23 jobs)
collectivehealth  # Collective Health (23 jobs)
workfront  # Workfront (23 jobs)
typeform  # Typeform (23 jobs)
science37  # Science 37 (23 jobs)
cloudbees  # CloudBees (23 jobs)
globalizationpartners  # Globalization Partners (23 jobs)
centerforemploymentopportunities  # Center For Employment Opportunities (22 jobs)
genapsys  # Genapsys (22 jobs)
impact  # Impact (22 jobs)
fueled  # FuelEd (22 jobs)
pendo  # Pendo (22 jobs)
nexttrucking  # NEXT Trucking (22 jobs)
cortica  # Cortica (22 jobs)
theragun  # Theragun (22 jobs)
analyticpartners  # Analytic Partners (21 jobs)
relex  # Relex (21 jobs)
maesa  # Maesa (21 jobs)
gainsight  # Gainsight (21 jobs)
prosek  # Prosek (21 jobs)
havenly  # Havenly (21 jobs)
nylas  # Nylas (21 jobs)
saxbys  # Saxbys (20 jobs)
ripple  # Ripple (20 jobs)
everlane  # Everlane (20 jobs)
axios  # Axios (20 jobs)
forter  # Forter (20 jobs)
jungheinrich  # Jungheinrich (19 jobs)
fivestars  # Five Stars (19 jobs)
featurespace  # Featurespace (19 jobs)
westcancercenter  # West Cancer Center (19 jobs)
nurix  # Nurix (19 jobs)
productboard  # productboard (19 jobs)
superunion  # Superunion (18 jobs)
sciencelogic  # ScienceLogic (18 jobs)
iig  # IIG (18 jobs)
bluebeam  # Bluebeam (18 jobs)
ghd  # ghd (18 jobs)
peopledoc  # PeopleDoc (18 jobs)
apex  # Apex (18 jobs)
wms  # WMS (18 jobs)
miles  # Miles (18 jobs)
midfloridacreditunion  # MidFlorida Credit Union (17 jobs)
phoenix.pro  # Phoenix.Pro (17 jobs)
coda  # CODA (17 jobs)
phoenix  # Phoenix (17 jobs)
viki  # Viki (17 jobs)
trove  # Trove (17 jobs)
hpone  # HPOne (17 jobs)
mavenclinic  # Maven Clinic (17 jobs)
capital  # Capital (17 jobs)
ubtechrobotics  # UBTECH Robotics (17 jobs)
mintel  # Mintel (16 jobs)
riseinteractive  # Rise Interactive (16 jobs)
mindvalley  # Mindvalley (16 jobs)
a1garagedoorservice  # A1 Garage Door Service (16 jobs)
fubotv  # FuboTV (16 jobs)
blenheimchalcot  # Blenheim Chalcot (16 jobs)
datacamp  # DataCamp (16 jobs)
theiconic  # THE ICONIC (16 jobs)
caliva  # Caliva (16 jobs)
blujaysolutions  # BluJay Solutions (16 jobs)
romeopower  # Romeo Power (16 jobs)
humanrightswatch  # Human Rights Watch (15 jobs)
commercehub  # CommerceHub (15 jobs)
ironwoodpharmaceuticals  # Ironwood Pharmaceuticals (15 jobs)
yipitdata  # YipitData (15 jobs)
cardinalcommerce  # CardinalCommerce (15 jobs)
jungroup  # Jun Group (15 jobs)
givenshighlandfarms  # Givens Highland Farms (15 jobs)
mediaalpha  # MediaAlpha (15 jobs)
uptake  # Uptake (15 jobs)
98point6  # 98point6 (15 jobs)
tandemlaunch  # TandemLaunch (15 jobs)
testio  # test IO (15 jobs)
near.co  # Near.co (15 jobs)
qualia  # Qualia (15 jobs)
slice  # slice (15 jobs)
plushcare  # PlushCare (15 jobs)
thalesacademy  # Thales Academy (15 jobs)
bitcoindepot  # Bitcoin Depot (15 jobs)
clear  # CLEAR (14 jobs)
whiteboardfederal  # Whiteboard Federal (14 jobs)
amika  # Amika (14 jobs)
resprop  # ResProp (14 jobs)
noodle  # Noodle (14 jobs)
teacherspayteachers  # Teachers Pay Teachers (14 jobs)
rapidsos  # RapidSOS (14 jobs)
mullenlowe  # MullenLowe (14 jobs)
reflexionmedical  # RefleXion Medical (14 jobs)
drafted  # Drafted (14 jobs)
digit  # Digit (14 jobs)
christfellowship  # Christ Fellowship (14 jobs)
spins  # SPINS (13 jobs)
dunnhumby  # dunnhumby (13 jobs)
tescocontrols  # Tesco Controls (13 jobs)
diligent  # Diligent (13 jobs)
praetorian  # Praetorian (13 jobs)
artsy  # Artsy (13 jobs)
classpass  # ClassPass (13 jobs)
cashmereagency  # Cashmere Agency (13 jobs)
dynamicyield  # Dynamic Yield (13 jobs)
kettle  # Kettle (13 jobs)
tbi  # TBI (13 jobs)
bronxcharterschoolforthearts  # Bronx Charter School For the Arts (13 jobs)
firstlookmedia  # First Look Media (13 jobs)
veritone  # Veritone (13 jobs)
pmg.net  # PMG.net (13 jobs)
urbandoor  # Urbandoor (13 jobs)
masterclass  # MasterClass (13 jobs)
voyagertherapeutics  # Voyager Therapeutics (13 jobs)
levelex  # Level Ex (13 jobs)
stensul  # stensul (13 jobs)
betterup  # BetterUp (13 jobs)
greenlightfinancialtechnology  # Greenlight Financial Technology (13 jobs)
hypixelstudios  # Hypixel Studios (13 jobs)
graphcore  # Graphcore (13 jobs)
techco  # Techco (13 jobs)
rightwayhealthcare  # Rightway Healthcare (13 jobs)
ncc  # NCC (12 jobs)
miso  # MISO (12 jobs)
kayak.com  # Kayak.com (12 jobs)
ittakesavillage  # It Takes a Village (12 jobs)
invision  # Invision (12 jobs)
pdtpartners  # PDT Partners (12 jobs)
kobaltmusicgroup  # Kobalt Music Group (12 jobs)
trifacta  # Trifacta (12 jobs)
endgame  # Endgame (12 jobs)
abodo  # ABODO (12 jobs)
keyme  # KeyMe (12 jobs)
rti  # RTI (12 jobs)
testlio  # Testlio (12 jobs)
openeye  # OpenEye (12 jobs)
karat  # Karat (12 jobs)
parsleyhealth  # Parsley Health (12 jobs)
beamery  # Beamery (12 jobs)
seres  # SERES (12 jobs)
dahmakan  # dahmakan (12 jobs)
braeburn  # Braeburn (12 jobs)
scoutbee  # scoutbee (12 jobs)
sondermind  # SonderMind (12 jobs)
ficonsulting  # FI Consulting (11 jobs)
simplex  # Simplex (11 jobs)
pangaiapartners  # Pangaia Partners (11 jobs)
keap  # Keap (11 jobs)
tia  # TIA (11 jobs)
eclipsetrading  # Eclipse Trading (11 jobs)
ajtutoring  # AJ Tutoring (11 jobs)
shipstation  # ShipStation (11 jobs)
mvf  # MVF (11 jobs)
instrument  # Instrument (11 jobs)
motivpowersystems  # Motiv Power Systems (11 jobs)
tempoautomation  # Tempo Automation (11 jobs)
farasisenergy  # Farasis Energy (11 jobs)
backlotcars  # BacklotCars (11 jobs)
fair  # Fair (11 jobs)
wayneenterprises  # Wayne Enterprises (11 jobs)
petuum  # Petuum (11 jobs)
lightstep  # LightStep (11 jobs)
truebill  # Truebill (11 jobs)
rocketpower  # Rocket Power (11 jobs)
clearfield  # Clearfield (10 jobs)
fitch  # FITCH (10 jobs)
theorchard  # The Orchard (10 jobs)
magadesigngroup  # Maga Design Group (10 jobs)
grindr  # Grindr (10 jobs)
equalexperts  # Equal Experts (10 jobs)
celigo  # Celigo (10 jobs)
eyeo  # Eyeo (10 jobs)
within  # Within (10 jobs)
foreflight  # ForeFlight (10 jobs)
glooko  # Glooko (10 jobs)
survata  # Survata (10 jobs)
vault  # Vault (10 jobs)
skilljar  # Skilljar (10 jobs)
medrobotics  # Medrobotics (10 jobs)
beeswax  # Beeswax (10 jobs)
nutrafol  # Nutrafol (10 jobs)
tubescience  # TubeScience (10 jobs)
acquire  # Acquire (10 jobs)
vidmob  # Vidmob (10 jobs)
617mediagroup  # 617MediaGroup (10 jobs)
recroom  # Rec Room (10 jobs)
grayscalable  # Gray Scalable (10 jobs)
mantl  # MANTL (10 jobs)
vault  # Vault (9 jobs)
wongdoody  # WONGDOODY (9 jobs)
accuweather  # AccuWeather (9 jobs)
rational  # Rational (9 jobs)
insightec  # InSightec (9 jobs)
thebloc  # The Bloc (9 jobs)
high5games  # High 5 Games (9 jobs)
aquatechswimschool  # AquaTech Swim School (9 jobs)
vend  # Vend (9 jobs)
simplefinance  # Simple Finance (9 jobs)
kallesgroup  # Kalles Group (9 jobs)
poynt  # Poynt (9 jobs)
sealed  # Sealed (9 jobs)
complyadvantage  # ComplyAdvantage (9 jobs)
chief  # CHIEF (9 jobs)
rocketinsights  # Rocket Insights (9 jobs)
roostify  # Roostify (9 jobs)
simplex  # Simplex (9 jobs)
easypost  # easypost (9 jobs)
simplex  # Simplex (9 jobs)
atlantixpartners  # Atlantix Partners (9 jobs)
zen  # ZEN (9 jobs)
voxy  # Voxy (9 jobs)
cloudminds  # CloudMinds (9 jobs)
kajabi  # Kajabi (9 jobs)
adquick  # AdQuick (9 jobs)
peregrinemarketaccess  # Peregrine Market Access (9 jobs)
surmodics  # SurModics (8 jobs)
empirix  # Empirix (8 jobs)
lippetaylor  # Lippe Taylor (8 jobs)
seed  # Seed (8 jobs)
ramp  # RAMP (8 jobs)
align  # Align (8 jobs)
pitch  # PITCH (8 jobs)
aruliden  # Aruliden (8 jobs)
cultureamp  # Culture Amp (8 jobs)
dialexa  # Dialexa (8 jobs)
tigerconnect  # TigerConnect (8 jobs)
aviso  # Aviso (8 jobs)
pursuit  # Pursuit (8 jobs)
joybird  # Joybird (8 jobs)
knab  # Knab (8 jobs)
mst  # MST (8 jobs)
oneringnetworks  # One Ring Networks (8 jobs)
onfleet  # Onfleet (8 jobs)
xevo  # Xevo (8 jobs)
relic  # Relic (8 jobs)
easyknock  # EasyKnock (8 jobs)
trove  # Trove (8 jobs)
ergeon  # Ergeon (8 jobs)
onsiteiq  # OnSiteIQ (8 jobs)
pitch  # Pitch (8 jobs)
dillonsoftware  # Dillon Software (8 jobs)
c2sense  # C2Sense (8 jobs)
weq  # WeQ (8 jobs)
cowen  # Cowen (7 jobs)
braskem  # Braskem (7 jobs)
schonfeld  # Schonfeld (7 jobs)
ghd  # GHD (7 jobs)
dms  # DMS (7 jobs)
venafi  # Venafi (7 jobs)
shinola  # Shinola (7 jobs)
farmsanctuary  # Farm Sanctuary (7 jobs)
bigpanda  # BigPanda (7 jobs)
twg  # TWG (7 jobs)
stonecreek  # StoneCreek (7 jobs)
vettery  # Vettery (7 jobs)
formation  # Formation (7 jobs)
simberobotics  # Simbe Robotics (7 jobs)
serraview  # Serraview (7 jobs)
medely  # Medely (7 jobs)
graphika  # Graphika (7 jobs)
jackpocket  # Jackpocket (7 jobs)
platformscience  # Platform Science (7 jobs)
able  # ABLE (7 jobs)
rational  # Rational (7 jobs)
offensivesecurity  # Offensive Security (7 jobs)
fridababy  # Fridababy (7 jobs)
southernpovertylawcenter  # Southern Poverty Law Center (6 jobs)
objectstream  # Objectstream (6 jobs)
omicron  # Omicron (6 jobs)
kasian  # Kasian (6 jobs)
liquidcapital  # Liquid Capital (6 jobs)
forumone  # Forum One (6 jobs)
allconnect  # Allconnect (6 jobs)
wallstreetprep  # Wall Street Prep (6 jobs)
medrio  # MEDRIO (6 jobs)
utilityconcierge  # Utility Concierge (6 jobs)
syapse  # Syapse (6 jobs)
soulcycle  # SoulCycle (6 jobs)
cathexis  # Cathexis (6 jobs)
rebtel  # Rebtel (6 jobs)
ombud  # Ombud (6 jobs)
shiphawk  # ShipHawk (6 jobs)
proje  # Proje (6 jobs)
digitaladditive  # Digital Additive (6 jobs)
coenterprise  # CoEnterprise (6 jobs)
modeanalytics  # Mode Analytics (6 jobs)
mercari  # Mercari (6 jobs)
nuventra  # Nuventra (6 jobs)
rtp  # RTP (6 jobs)
bleach  # Bleach (6 jobs)
swiftnavigation  # Swift Navigation (6 jobs)
lifesciencedynamics  # Lifescience Dynamics (6 jobs)
guideline  # Guideline (6 jobs)
adamaspharmaceuticals  # Adamas Pharmaceuticals (6 jobs)
fragrantjewels  # Fragrant Jewels (6 jobs)
clearmotion  # Clear Motion (6 jobs)
logichub  # LogicHub (6 jobs)
upshow  # UPshow (6 jobs)
raken  # Raken (6 jobs)
arundoanalytics  # Arundo Analytics (6 jobs)
buildout  # buildout (6 jobs)
lumahealth  # Luma Health (6 jobs)
hollywood.com  # Hollywood.com (6 jobs)
productiv  # Productiv (6 jobs)
whogivesacrap  # Who Gives a Crap (6 jobs)
within  # WITHIN (6 jobs)
tally  # Tally (6 jobs)
smithrx  # SmithRx (6 jobs)
cleanshelf  # Cleanshelf (6 jobs)
camp  # CAMP (6 jobs)
proxy  # Proxy (6 jobs)
redoak  # Red Oak (6 jobs)
blokparty  # Blok Party (6 jobs)
lodestone  # Lodestone (6 jobs)
veriff  # Veriff (6 jobs)
acquire  # Acquire (6 jobs)
minitab  # Minitab (5 jobs)
agencyq  # agency Q (5 jobs)
agencyq  # agencyQ (5 jobs)
splash  # Splash (5 jobs)
plastergroup  # Plaster Group (5 jobs)
relaygraduateschoolofeducation  # Relay Graduate School of Education (5 jobs)
libra  # Libra (5 jobs)
pharomanagement  # Pharo Management (5 jobs)
cdbaby  # CD Baby (5 jobs)
flexjobs  # FlexJobs (5 jobs)
nationaldebtrelief  # National Debt Relief (5 jobs)
ustwo  # ustwo (5 jobs)
quantifind  # Quantifind (5 jobs)
clickstop  # Clickstop (5 jobs)
banjo  # Banjo (5 jobs)
navis  # Navis (5 jobs)
invision  # InVision (5 jobs)
3redpartners  # 3Red Partners (5 jobs)
derris  # Derris (5 jobs)
mavrck  # Mavrck (5 jobs)
urban  # Urban (5 jobs)
calienteconstruction  # Caliente Construction (5 jobs)
stinkstudios  # Stink Studios (5 jobs)
atrium  # ATRIUM (5 jobs)
wickr  # Wickr (5 jobs)
invision  # InVision (5 jobs)
lingolive  # Lingo Live (5 jobs)
rasa.io  # rasa.io (5 jobs)
globalwebindex  # GlobalWebIndex (5 jobs)
defmethod  # Def Method (5 jobs)
piaggiofastforward  # Piaggio Fast Forward (5 jobs)
bytedance  # ByteDance (5 jobs)
lirio  # Lirio (5 jobs)
klara  # Klara (5 jobs)
umbocomputervision  # Umbo Computer Vision (5 jobs)
jobox  # Jobox (5 jobs)
planetscale  # PlanetScale (5 jobs)
atrium  # Atrium (5 jobs)
timescale  # Timescale (5 jobs)
corelight  # Corelight (5 jobs)
lively  # Lively (5 jobs)
atrium  # Atrium (5 jobs)
attunely  # Attunely (5 jobs)
tab  # TAB (4 jobs)
a.schulman  # A. Schulman (4 jobs)
a.finkl&sons  # A. Finkl & Sons (4 jobs)
goldenstatewarriors  # Golden State Warriors (4 jobs)
greenpeace  # Greenpeace (4 jobs)
a.eicoff  # A. Eicoff (4 jobs)
a.stuckicompany  # A. Stucki Company (4 jobs)
jcdecaux  # JCDecaux (4 jobs)
a.duiepyle  # A. Duie Pyle (4 jobs)
a.duda&sons  # A. Duda & Sons (4 jobs)
a.bergerprecision  # A. Berger Precision (4 jobs)
a.rifkin  # A. Rifkin (4 jobs)
wideorbit  # WideOrbit (4 jobs)
a.daigger  # A. Daigger (4 jobs)
a.ofoxhospital  # A.O Fox Hospital (4 jobs)
acumen  # Acumen (4 jobs)
a.mortonthomasandassociates  # A. Morton Thomas and Associates (4 jobs)
a.zahnercompany  # A. Zahner Company (4 jobs)
trailerpark  # Trailer Park (4 jobs)
panjiva  # Panjiva (4 jobs)
a.uzzo&company  # A. Uzzo & Company (4 jobs)
hanson  # Hanson (4 jobs)
hapcapital  # HAP Capital (4 jobs)
a.larryrosscommunications  # A. Larry Ross Communications (4 jobs)
a.jaffe  # A. Jaffe (4 jobs)
a.santinimoving&storage  # A. Santini Moving & Storage (4 jobs)
rab  # RAB (4 jobs)
volanttrading  # Volant Trading (4 jobs)
a.arnold  # A. Arnold (4 jobs)
datameer  # Datameer (4 jobs)
vocationalrehabilitation  # Vocational Rehabilitation (4 jobs)
memberclicks  # MemberClicks (4 jobs)
thexperiential  # TH Experiential (4 jobs)
healthfidelity  # Health Fidelity (4 jobs)
a.cullen&associates  # A. Cullen & Associates (4 jobs)
diamond  # Diamond (4 jobs)
a.hartrodt  # A. Hartrodt (4 jobs)
eko  # Eko (4 jobs)
cora  # Cora (4 jobs)
dji  # DJI (4 jobs)
a.proctorgroup  # A. Proctor Group (4 jobs)
exos  # EXOS (4 jobs)
a.eberle  # A. Eberle (4 jobs)
hook  # Hook (4 jobs)
a.harold&associates  # A. Harold & Associates (4 jobs)
a.reddix&associates  # A. Reddix & Associates (4 jobs)
a.wshuck's  # A.W SHUCK's (4 jobs)
domeyard  # Domeyard (4 jobs)
sortechnology  # SOR Technology (4 jobs)
a.hak  # A.Hak (4 jobs)
remind  # Remind (4 jobs)
a.russo&sons  # A. Russo & Sons (4 jobs)
deerfield  # Deerfield (4 jobs)
a#1airmechanical  # A#1 Air Mechanical (4 jobs)
splash  # Splash (4 jobs)
navis  # NAVIS (4 jobs)
a.bdesigngroup  # A.B Design Group (4 jobs)
a.perryhomes  # A. Perry Homes (4 jobs)
a.esteban&company  # A. Esteban & Company (4 jobs)
a.adonuidahosa  # A. Adonu Idahosa (4 jobs)
scalyr  # Scalyr (4 jobs)
a.gkitchen  # A.G Kitchen (4 jobs)
a.jlawnservices  # A.J Lawn Services (4 jobs)
a.frefrigeracin  # A.F Refrigeracin (4 jobs)
convey  # Convey (4 jobs)
dwelo  # Dwelo (4 jobs)
unchainedlabs  # Unchained Labs (4 jobs)
freshrealm  # FreshRealm (4 jobs)
ttglobal  # TTGlobal (4 jobs)
siemplify  # Siemplify (4 jobs)
a.messesupply  # A. Messe Supply (4 jobs)
callisto  # Callisto (4 jobs)
a.davidlawncare  # A. David Lawn Care (4 jobs)
selectfunding  # Select Funding (4 jobs)
a.randallcamacho  # A. Randall Camacho (4 jobs)
a.lure  # a.lure (4 jobs)
libertylending  # Liberty Lending (4 jobs)
pressable  # Pressable (4 jobs)
booknook  # BookNook (4 jobs)
a.favoritedesign  # a. favorite design (4 jobs)
a.taghi  # A.Taghi (4 jobs)
cameraiq  # Camera IQ (4 jobs)
a.macchionebrothers  # A. Macchione Brothers (4 jobs)
a.mullenconsultinggroup  # A. Mullen Consulting Group (4 jobs)
a.marshallfamilyfoods  # A. Marshall Family Foods (4 jobs)
a#1air  # A#1 Air (4 jobs)
a.molly  # A.Molly (4 jobs)
properly  # Properly (4 jobs)
brave  # Brave (4 jobs)
generation  # Generation (4 jobs)
omniex  # Omniex (4 jobs)
stacksports  # Stack Sports (4 jobs)
janetechnologies  # Jane Technologies (4 jobs)
a.travelshoppe  # A. Travel Shoppe (4 jobs)
droit  # Droit (4 jobs)
a.harrymooreschool  # A. Harry Moore School (4 jobs)
a.fassano&company  # A.Fassano & Company (4 jobs)
gaspedal  # GasPedal (3 jobs)
crunchtime  # CrunchTime (3 jobs)
civitas  # Civitas (3 jobs)
edgile  # Edgile (3 jobs)
socialscienceresearchcouncil  # Social Science Research Council (3 jobs)
simx  # SiMx (3 jobs)
rho  # Rho (3 jobs)
procom  # Procom (3 jobs)
securitycompass  # Security Compass (3 jobs)
alpha  # Alpha (3 jobs)
productive  # Productive (3 jobs)
technossus  # Technossus (3 jobs)
juvo  # Juvo (3 jobs)
makerbot  # Makerbot (3 jobs)
sidearmsports  # Sidearm Sports (3 jobs)
goldenfrog  # Golden Frog (3 jobs)
500px  # 500px (3 jobs)
datafoundry  # Data Foundry (3 jobs)
crestwoodbehavioralhealth  # Crestwood Behavioral Health (3 jobs)
thededhamgroup  # The Dedham Group (3 jobs)
compeat  # Compeat (3 jobs)
shippingeasy  # ShippingEasy (3 jobs)
drumroll  # Drumroll (3 jobs)
magnetic  # Magnetic (3 jobs)
expa  # Expa (3 jobs)
cleardata  # ClearDATA (3 jobs)
bitsight  # BitSight (3 jobs)
gassouth  # Gas South (3 jobs)
whistlesports  # Whistle Sports (3 jobs)
blockstream  # Blockstream (3 jobs)
piktochart  # Piktochart (3 jobs)
mojio  # Mojio (3 jobs)
pursuit  # Pursuit (3 jobs)
dna  # dna (3 jobs)
thezebra  # The Zebra (3 jobs)
create  # CREATE (3 jobs)
iimjobs.com  # Iimjobs.com (3 jobs)
create  # Create (3 jobs)
stride  # Stride (3 jobs)
pursuit  # Pursuit (3 jobs)
vedantabiosciences  # Vedanta biosciences (3 jobs)
ongig  # Ongig (3 jobs)
cybergrx  # CyberGRX (3 jobs)
greenroads  # Green Roads (3 jobs)
refer.com  # Refer.com (3 jobs)
stylitics  # Stylitics (3 jobs)
alpha  # Alpha (3 jobs)
ecorp  # Ecorp (3 jobs)
greenpeace  # Greenpeace (3 jobs)
databook  # Databook (3 jobs)
deloitte  # Deloitte (2 jobs)
softbank  # SoftBank (2 jobs)
avantium  # Avantium (2 jobs)
anchorfree  # AnchorFree (2 jobs)
umbrellacorporation  # Umbrella Corporation (2 jobs)
mc.net  # mc.net (2 jobs)
ideaentity  # Idea Entity (2 jobs)
vibes  # Vibes (2 jobs)
pixability  # Pixability (2 jobs)
wavemaker  # WaveMaker (2 jobs)
thelearningexperience  # The Learning Experience (2 jobs)
cut  # CUT (2 jobs)
recruitmilitary  # RecruitMilitary (2 jobs)
prisma  # Prisma (2 jobs)
ascenttechnologies  # Ascent Technologies (2 jobs)
nomissolutions  # NOMIS SOLUTIONS (2 jobs)
delvglobal  # Delv Global (2 jobs)
tmc  # TMC (2 jobs)
sparkcentral  # Sparkcentral (2 jobs)
mansfieldsalespartners  # Mansfield Sales Partners (2 jobs)
paragonmicro  # Paragon Micro (2 jobs)
diginn  # Dig Inn (2 jobs)
mainstreet  # MainStreet (2 jobs)
socialcapital  # Social Capital (2 jobs)
smartling  # Smartling (2 jobs)
base  # Base (2 jobs)
hurricanelabs  # Hurricane Labs (2 jobs)
aquafadas  # Aquafadas (2 jobs)
trov  # Trov (2 jobs)
waypointresidential  # Waypoint Residential (2 jobs)
thinx  # Thinx (2 jobs)
zeel  # zeel (2 jobs)
gipartners  # GI Partners (2 jobs)
thedodo  # The Dodo (2 jobs)
uplift  # Uplift (2 jobs)
juvo  # Juvo (2 jobs)
ablschools  # Abl Schools (2 jobs)
grandview  # Grandview (2 jobs)
tmc  # TMC (2 jobs)
betterlesson  # BetterLesson (2 jobs)
sambatv  # Samba TV (2 jobs)
parkforest  # Park Forest (2 jobs)
evidationhealth  # Evidation Health (2 jobs)
genius  # Genius (2 jobs)
listreports  # ListReports (2 jobs)
hopps  # hopps (2 jobs)
remote.com  # Remote.com (2 jobs)
juvo  # Juvo (2 jobs)
apexforyouth  # Apex for Youth (2 jobs)
assembledbrands  # Assembled Brands (2 jobs)
pilot.com  # Pilot.com (2 jobs)
jumpstart.me  # Jumpstart.me (2 jobs)
sharedservices  # Shared Services (2 jobs)
beacondentalhealth  # Beacon Dental Health (2 jobs)
watersystemsconsulting  # Water Systems Consulting (2 jobs)
sparkgrills  # Spark Grills (2 jobs)
ridehealth  # Ride Health (2 jobs)
kentucky  # Kentucky (2 jobs)
minervaanalytics  # Minerva Analytics (2 jobs)
sage  # Sage (1 jobs)
swift  # SWIFT (1 jobs)
dice  # Dice (1 jobs)
msdpartners  # MSD Partners (1 jobs)
t3  # T3 (1 jobs)
gagenmacdonald  # Gagen MacDonald (1 jobs)
pcc  # PCC (1 jobs)
redpepper  # redpepper (1 jobs)
guru.com  # Guru.com (1 jobs)
riversideresearch  # Riverside Research (1 jobs)
droga5  # Droga5 (1 jobs)
hhh  # HHH (1 jobs)
boatwright  # Boatwright (1 jobs)
ndb  # NDB (1 jobs)
newmarkets  # NewMarkets (1 jobs)
bcc  # BCC (1 jobs)
apg  # APG (1 jobs)
btqfinancial  # BTQ Financial (1 jobs)
guru  # Guru (1 jobs)
stackoverflow  # Stack Overflow (1 jobs)
eta  # ETA (1 jobs)
cfa  # CFA (1 jobs)
marketplace  # Marketplace (1 jobs)
bcc  # BCC (1 jobs)
stripes  # Stripes (1 jobs)
aaic  # AAIC (1 jobs)
dailyburn  # Daily Burn (1 jobs)
ays  # AYS (1 jobs)
reef  # Reef (1 jobs)
lighthousefinancial  # Lighthouse Financial (1 jobs)
stealth  # Stealth (1 jobs)
flipside  # FlipSide (1 jobs)
af  # AF (1 jobs)
jumpstart  # Jumpstart (1 jobs)
greenhome  # Green Home (1 jobs)
voxpopme  # Voxpopme (1 jobs)
imgur  # Imgur (1 jobs)
careerarc  # CareerArc (1 jobs)
skykick  # SkyKick (1 jobs)
rocketmiles  # Rocketmiles (1 jobs)
insightdatascience  # Insight Data Science (1 jobs)
t3  # T3 (1 jobs)
flighthub  # FlightHub (1 jobs)
datera  # Datera (1 jobs)
everstring  # EverString (1 jobs)
reveneer  # Reveneer (1 jobs)
haus  # HAUS (1 jobs)
beneficialstatebank  # Beneficial State Bank (1 jobs)
fetchrobotics  # Fetch Robotics (1 jobs)
secretescapes  # Secret Escapes (1 jobs)
cbcsettlementfunding  # CBC Settlement Funding (1 jobs)
reef  # REEF (1 jobs)
ataraxia  # ATARAXIA (1 jobs)
armor  # Armor (1 jobs)
sweeten  # Sweeten (1 jobs)
eta  # ETA (1 jobs)
synapse  # Synapse (1 jobs)
treehouse  # TreeHouse (1 jobs)
bluescape  # Bluescape (1 jobs)
alo  # Alo (1 jobs)
forwardfinancing  # Forward Financing (1 jobs)
singlesprout  # SingleSprout (1 jobs)
evanyc  # Eva NYC (1 jobs)
bold  # BOLD (1 jobs)
greenbits  # Green Bits (1 jobs)
mix  # Mix (1 jobs)
mcgill  # McGill (1 jobs)
delete  # Delete (1 jobs)
maximumgames  # Maximum Games (1 jobs)
hazel  # Hazel (1 jobs)
lyric  # Lyric (1 jobs)
seeker  # Seeker (1 jobs)
thebusinessbacker  # The Business Backer (1 jobs)
alpineinvestors  # Alpine Investors (1 jobs)
labcentral  # LabCentral (1 jobs)
naadam  # Naadam (1 jobs)
bcc  # BCC (1 jobs)
oseberg  # Oseberg (1 jobs)
dv01  # dv01 (1 jobs)
lv.net  # LV.Net (1 jobs)
minimart  # Mini Mart (1 jobs)
abdielcapital  # Abdiel Capital (1 jobs)
slinghealth  # Sling Health (1 jobs)
guru  # GuRu (1 jobs)
jumpstart  # JumpStart (1 jobs)
procom  # Procom (1 jobs)
stride  # Stride (1 jobs)
haus  # Haus (1 jobs)
33vincent  # 33Vincent (1 jobs)
whyhotel  # WhyHotel (1 jobs)
recruitment  # Recruitment (1 jobs)
guru.club  # Guru.Club (1 jobs)
jumpstart  # Jump Start (1 jobs)
flipfit  # FlipFit (1 jobs)
deloitte  # Deloitte (1 jobs)
spire  # Spire (0 jobs)
olin  # Olin (0 jobs)
sonic  # Sonic (0 jobs)
mit  # MIT (0 jobs)
goodman  # Goodman (0 jobs)
t.roweprice  # T. Rowe Price (0 jobs)
e.on  # E.ON (0 jobs)
aware  # Aware (0 jobs)
kt  # KT (0 jobs)
usa.net  # USA.NET (0 jobs)
bandainamco  # BANDAI NAMCO (0 jobs)
disco  # Disco (0 jobs)
e.leclerc  # E.Leclerc (0 jobs)
next  # next (0 jobs)
alloy  # Alloy (0 jobs)
sulzer  # Sulzer (0 jobs)
hypercube  # Hypercube (0 jobs)
bhs  # BHS (0 jobs)
structural  # STRUCTURAL (0 jobs)
t.marzetti  # T. Marzetti (0 jobs)
e.samjones  # E. Sam Jones (0 jobs)
stubhub  # StubHub (0 jobs)
zoominfo  # ZoomInfo (0 jobs)
firstquadrant  # First Quadrant (0 jobs)
e.magination  # e.magination (0 jobs)
mosaic  # Mosaic (0 jobs)
theriversidecompany  # The Riverside Company (0 jobs)
habitat  # Habitat (0 jobs)
imagitas  # Imagitas (0 jobs)
input  # INPUT (0 jobs)
arborrealtytrust  # Arbor Realty Trust (0 jobs)
?whatif!innovation  # ?What If! Innovation (0 jobs)
hello  # HELLO (0 jobs)
quadriga  # Quadriga (0 jobs)
vip  # VIP (0 jobs)
infotech  # Infotech (0 jobs)
e.sun  # E.Sun (0 jobs)
currentmedia  # Current Media (0 jobs)
achillion  # Achillion (0 jobs)
fcg  # FCG (0 jobs)
hayneedle  # Hayneedle (0 jobs)
solera  # Solera (0 jobs)
boston  # Boston (0 jobs)
cspace  # C Space (0 jobs)
duarte  # Duarte (0 jobs)
ceros  # Ceros (0 jobs)
themediakitchen  # The Media Kitchen (0 jobs)
inspire  # Inspire (0 jobs)
kelton  # Kelton (0 jobs)
stepstone  # Stepstone (0 jobs)
imaginesoftware  # Imagine Software (0 jobs)
ampm  # ampm (0 jobs)
openspace  # OpenSpace (0 jobs)
sadasystems  # SADA Systems (0 jobs)
virgo  # Virgo (0 jobs)
greenlighttechnologies  # Greenlight Technologies (0 jobs)
captiveaire  # CaptiveAire (0 jobs)
premise  # Premise (0 jobs)
avepoint  # AvePoint (0 jobs)
bgbgroup  # BGB Group (0 jobs)
t.edmundgarrity&insurance  # T. Edmund Garrity & Insurance (0 jobs)
definiens  # Definiens (0 jobs)
rev.io  # Rev.io (0 jobs)
novapartners  # Nova Partners (0 jobs)
titmouse  # Titmouse (0 jobs)
t.r  # T.R (0 jobs)
supernova  # SuperNova (0 jobs)
capstoneinvestmentadvisors  # Capstone Investment Advisors (0 jobs)
eco  # ECO (0 jobs)
capstoneinvestmentadvisors  # Capstone Investment Advisors (0 jobs)
movile  # Movile (0 jobs)
tempus  # Tempus (0 jobs)
entara  # entara (0 jobs)
t.aloving  # T.A Loving (0 jobs)
choicelogistics  # Choice Logistics (0 jobs)
reiser  # Reiser (0 jobs)
ripl  # RIPL (0 jobs)
mobileiron  # MobileIron (0 jobs)
superior  # Superior (0 jobs)
paradigm  # Paradigm (0 jobs)
gamesys  # Gamesys (0 jobs)
grenevisiongroup  # Grene Vision Group (0 jobs)
acceleration  # Acceleration (0 jobs)
gemini  # Gemini (0 jobs)
hbkcapitalmanagement  # HBK Capital Management (0 jobs)
bertramcapitalmanagement  # Bertram Capital Management (0 jobs)
t.curtis&company  # T. Curtis & Company (0 jobs)
fuseproject  # fuseproject (0 jobs)
e.walkerconsulting  # E. Walker Consulting (0 jobs)
t.howard+associatesarchitects  # T. Howard + Associates Architects (0 jobs)
particle  # Particle (0 jobs)
bestcare  # Best Care (0 jobs)
prism  # PRISM (0 jobs)
blackmountainsystems  # Black Mountain Systems (0 jobs)
nexuscommunications  # Nexus Communications (0 jobs)
americanlegalnet  # American Legalnet (0 jobs)
workmarket  # WorkMarket (0 jobs)
elements  # Elements (0 jobs)
e.republic  # e.Republic (0 jobs)
lenati  # Lenati (0 jobs)
qubit  # Qubit (0 jobs)
skyscanner  # Skyscanner (0 jobs)
bestcare  # BestCare (0 jobs)
alice  # Alice (0 jobs)
archer  # Archer (0 jobs)
americandreamhomeimprovement  # American Dream Home Improvement (0 jobs)
t.whiteparkerassociates  # T. White Parker Associates (0 jobs)
agoda  # Agoda (0 jobs)
affinity  # Affinity (0 jobs)
t.bakersmith  # T. Baker Smith (0 jobs)
sassoon  # Sassoon (0 jobs)
t.hasegawausa  # T. Hasegawa USA (0 jobs)
imaginesoftware  # ImagineSoftware (0 jobs)
e.suncommercialbank  # E.SUN Commercial Bank (0 jobs)
pulsepoint  # PulsePoint (0 jobs)
neebo  # Neebo (0 jobs)
homeoffice  # Home Office (0 jobs)
cruise.com  # Cruise.com (0 jobs)
zeo  # Zeo (0 jobs)
pinterest  # Pinterest (0 jobs)
serviceexpress  # Service Express (0 jobs)
spoton  # SpotOn (0 jobs)
left  # Left (0 jobs)
aero  # AERO (0 jobs)
livecareer  # LiveCareer (0 jobs)
barenecessities  # Bare Necessities (0 jobs)
jelli  # Jelli (0 jobs)
paperlesspost  # Paperless Post (0 jobs)
apg  # APG (0 jobs)
rcgglobalservices  # RCG  Global Services (0 jobs)
alpine  # Alpine (0 jobs)
duarte  # Duarte (0 jobs)
grooveford  # Groove Ford (0 jobs)
advantage  # Advantage (0 jobs)
name.com  # Name.com (0 jobs)
safebuilt  # SAFEbuilt (0 jobs)
revelsystems  # Revel Systems (0 jobs)
discoverorg  # DiscoverOrg (0 jobs)
projecta  # Project A (0 jobs)
willowtree  # Willow Tree (0 jobs)
greenspace  # Greenspace (0 jobs)
emakina  # Emakina (0 jobs)
bolt  # BOLT (0 jobs)
unruly  # Unruly (0 jobs)
ripcord  # Ripcord (0 jobs)
flywheelsports  # Flywheel Sports (0 jobs)
openbook  # OpenBook (0 jobs)
lakeland  # Lakeland (0 jobs)
e.dialog  # e.dialog (0 jobs)
trunkclub  # Trunk Club (0 jobs)
ginger  # Ginger (0 jobs)
malwarebytes  # Malwarebytes (0 jobs)
quorum  # Quorum (0 jobs)
seedinvest  # SeedInvest (0 jobs)
astra  # Astra (0 jobs)
albaneseconfectionery  # Albanese Confectionery (0 jobs)
t.parkerhost  # T. Parker Host (0 jobs)
firstwesternfinancial  # First Western Financial (0 jobs)
aware  # AWARE (0 jobs)
instacart  # Instacart (0 jobs)
evokegiant  # Evoke Giant (0 jobs)
e.commtechnologies  # e.Comm Technologies (0 jobs)
thinkmarkets  # ThinkMarkets (0 jobs)
popsugar  # POPSUGAR (0 jobs)
abacusgroup  # Abacus Group (0 jobs)
guidespark  # GuideSpark (0 jobs)
swiftagency  # Swift Agency (0 jobs)
ideo.org  # IDEO.org (0 jobs)
ordergroove  # Ordergroove (0 jobs)
e.rosenconstruction  # E. Rosen Construction (0 jobs)
tapad  # Tapad (0 jobs)
oscar  # Oscar (0 jobs)
fsinvestments  # FS Investments (0 jobs)
datadog  # Datadog (0 jobs)
schoology  # Schoology (0 jobs)
etereman  # ETE REMAN (0 jobs)
tulip  # Tulip (0 jobs)
t.herrlinger&associates  # T. Herrlinger & Associates (0 jobs)
vacasa  # Vacasa (0 jobs)
stepstone  # Stepstone (0 jobs)
opensesame  # Open Sesame (0 jobs)
quadriga  # Quadriga (0 jobs)
solsystems  # Sol Systems (0 jobs)
gamechanger  # GameChanger (0 jobs)
ark  # ARK (0 jobs)
forcetherapeutics  # Force Therapeutics (0 jobs)
twonil  # Two Nil (0 jobs)
honey  # Honey (0 jobs)
lastline  # Lastline (0 jobs)
harbor  # Harbor (0 jobs)
anchor  # Anchor (0 jobs)
rcc  # RCC (0 jobs)
everwise  # Everwise (0 jobs)
cogent  # Cogent (0 jobs)
illumio  # Illumio (0 jobs)
mosaic  # Mosaic (0 jobs)
ultimaker  # Ultimaker (0 jobs)
e.bo-youngstalkingclub  # E. Bo-youngs Talking Club (0 jobs)
astra  # Astra (0 jobs)
thegatheringplace  # The Gathering Place (0 jobs)
starmind  # Starmind (0 jobs)
sumofus  # SumOfUs (0 jobs)
accrediteddebtrelief  # Accredited Debt Relief (0 jobs)
simplepart  # SimplePart (0 jobs)
parsable  # Parsable (0 jobs)
t.radnorthamerica  # T.RAD North America (0 jobs)
blacklane  # Blacklane (0 jobs)
teneo  # Teneo (0 jobs)
abacusgroup  # Abacus Group (0 jobs)
heap  # Heap (0 jobs)
t.billsconstruction  # T.Bills Construction (0 jobs)
events.com  # Events.com (0 jobs)
mavensoflondon  # Mavens of London (0 jobs)
teralytics  # Teralytics (0 jobs)
modernmeadow  # Modern Meadow (0 jobs)
t.christyenterprises  # T. Christy Enterprises (0 jobs)
nowthis  # NowThis (0 jobs)
tinder  # Tinder (0 jobs)
invoice2go  # Invoice2go (0 jobs)
boltthreads  # Bolt Threads (0 jobs)
teads  # Teads (0 jobs)
kik  # Kik (0 jobs)
elastic.tv  # Elastic.tv (0 jobs)
michigan.com  # Michigan.com (0 jobs)
newtechnetwork  # New Tech Network (0 jobs)
bcv  # BCV (0 jobs)
theeyedoctors  # The Eye Doctors (0 jobs)
convoso  # Convoso (0 jobs)
secret  # Secret (0 jobs)
css  # CSS (0 jobs)
everquote  # EverQuote (0 jobs)
churchcommunitybuilder  # Church Community Builder (0 jobs)
sealsoftware  # Seal Software (0 jobs)
westdermatology  # West Dermatology (0 jobs)
northeastern  # Northeastern (0 jobs)
eversight  # Eversight (0 jobs)
victorious  # Victorious (0 jobs)
welkinhealth  # Welkin Health (0 jobs)
carousell  # Carousell (0 jobs)
earnest  # Earnest (0 jobs)
venga  # Venga (0 jobs)
academy  # Academy (0 jobs)
productops  # productOps (0 jobs)
democracyworks  # Democracy Works (0 jobs)
e.gluckcorporation  # E. Gluck Corporation (0 jobs)
e.cohenandcompany,cpas  # E. Cohen and Company, CPAs (0 jobs)
cohen  # Cohen (0 jobs)
sagaeducation  # SAGA Education (0 jobs)
designedconveyorsystems  # Designed Conveyor Systems (0 jobs)
css  # CSS (0 jobs)
e.haridesign  # e.hari design (0 jobs)
bentobox  # Bento Box (0 jobs)
surround  # Surround (0 jobs)
willowtree  # Willow Tree (0 jobs)
aceyus  # Aceyus (0 jobs)
darntoughvermont  # Darn Tough Vermont (0 jobs)
alpine  # Alpine (0 jobs)
vanta  # Vanta (0 jobs)
hello  # Hello (0 jobs)
whiteoak  # White Oak (0 jobs)
yeti  # Yeti (0 jobs)
particle  # Particle (0 jobs)
mosaic  # MOSAIC (0 jobs)
envision  # Envision (0 jobs)
eversight  # Eversight (0 jobs)
alabamavisioncenter  # Alabama Vision Center (0 jobs)
goodman  # Goodman (0 jobs)
disco  # DISCO (0 jobs)
mosaic  # MOSAIC (0 jobs)
orion  # Orion (0 jobs)
jigsaw  # Jigsaw (0 jobs)
csconstruction  # CS Construction (0 jobs)
aura  # Aura (0 jobs)
knotch  # Knotch (0 jobs)
arc  # arc (0 jobs)
vipkid  # VIPKid (0 jobs)
bench  # Bench (0 jobs)
e.d  # E.D (0 jobs)
solera  # Solera (0 jobs)
archetype  # ARCHETYPE (0 jobs)
freelance  # Freelance (0 jobs)
mep  # MEP (0 jobs)
rivet  # Rivet (0 jobs)
openclassrooms  # OpenClassrooms (0 jobs)
quorum  # Quorum (0 jobs)
goodrx  # GoodRx (0 jobs)
e.tetz&sons  # E. Tetz & Sons (0 jobs)
glow  # GLOW (0 jobs)
venga  # Venga (0 jobs)
ceros  # Ceros (0 jobs)
interos  # Interos (0 jobs)
axiom  # Axiom (0 jobs)
toast  # Toast (0 jobs)
sandbox  # sandbox (0 jobs)
envision  # Envision (0 jobs)
opskins.com  # opskins.com (0 jobs)
e.ventures  # E.ventures (0 jobs)
buck  # Buck (0 jobs)
endpoint  # End Point (0 jobs)
ophthalmologyassociates  # Ophthalmology Associates (0 jobs)
crossriverbank  # Cross River Bank (0 jobs)
kueski  # Kueski (0 jobs)
alice  # ALICE (0 jobs)
bolt  # Bolt (0 jobs)
automationlogic  # Automation Logic (0 jobs)
link2geek  # Link2Geek (0 jobs)
biofire  # Biofire (0 jobs)
honey  # Honey (0 jobs)
butterflynetwork  # Butterfly Network (0 jobs)
heatmakessense  # Heat Makes Sense (0 jobs)
livelike  # LiveLike (0 jobs)
skillsmatter  # Skills Matter (0 jobs)
2.0heads  # 2.0heads (0 jobs)
longboardassetmanagement  # Longboard Asset Management (0 jobs)
lessonly  # Lessonly (0 jobs)
sokalmediagroup  # Sokal Media Group (0 jobs)
thebosco  # The Bosco (0 jobs)
tala  # Tala (0 jobs)
next  # NEXT (0 jobs)
disco  # DISCO (0 jobs)
e.leighs  # E.Leighs (0 jobs)
pebblepost  # PebblePost (0 jobs)
maana  # MAANA (0 jobs)
simplee  # Simplee (0 jobs)
nextgen  # Next Gen (0 jobs)
t.moscone&broslandscaping  # T. Moscone & Bros Landscaping (0 jobs)
lynk  # LYNK (0 jobs)
#be  # #be (0 jobs)
next  # NeXT (0 jobs)
sumo.com  # Sumo.com (0 jobs)
e.ronaldbeeks  # E. Ronald Beeks (0 jobs)
brightloom  # Brightloom (0 jobs)
filld  # Filld (0 jobs)
osmosis  # Osmosis (0 jobs)
semmatherapeutics  # Semma Therapeutics (0 jobs)
clockwise  # Clockwise (0 jobs)
letgo  # Letgo (0 jobs)
cloudvirga  # Cloudvirga (0 jobs)
upward.net  # Upward.net (0 jobs)
t.violconstruction  # T. Viol Construction (0 jobs)
greenhouse  # Greenhouse (0 jobs)
trello  # Trello (0 jobs)
e.leavenfood  # E.leaven Food (0 jobs)
e.adavidovits&co  # E.A Davidovits & Co (0 jobs)
diamanti  # Diamanti (0 jobs)
vip  # VIP (0 jobs)
freelance  # Free Lance (0 jobs)
tigerlily  # Tigerlily (0 jobs)
summitconsulting  # Summit Consulting (0 jobs)
tenstreet  # Tenstreet (0 jobs)
a2e  # A2E (0 jobs)
quartz  # Quartz (0 jobs)
sandbox  # Sandbox (0 jobs)
t.reid&company  # T. Reid & Company (0 jobs)
gemini  # Gemini (0 jobs)
ladder  # Ladder (0 jobs)
herontherapeutics  # Heron Therapeutics (0 jobs)
axiom  # Axiom (0 jobs)
nextvr  # NextVR (0 jobs)
cognius  # Cognius (0 jobs)
highland  # Highland (0 jobs)
spire  # Spire (0 jobs)
campus  # Campus (0 jobs)
organizer  # Organizer (0 jobs)
t.howardfoundation  # T. Howard Foundation (0 jobs)
leesa  # Leesa (0 jobs)
zeal  # Zeal (0 jobs)
current  # Current (0 jobs)
e.houseexecutivesecurityprofessionals  # E. House Executive Security Professionals (0 jobs)
goodman  # Good Man (0 jobs)
inspire  # Inspire (0 jobs)
oneweb  # OneWeb (0 jobs)
signalfunding  # Signal Funding (0 jobs)
capsule8  # Capsule8 (0 jobs)
freelance.com  # freelance.com (0 jobs)
chime  # Chime (0 jobs)
lola.com  # lola.com (0 jobs)
prohealth  # ProHealth (0 jobs)
ripplematch  # RippleMatch (0 jobs)
supernova  # Supernova (0 jobs)
downtoearth  # Down To Earth (0 jobs)
manifold  # Manifold (0 jobs)
blueshift  # Blueshift (0 jobs)
4catalyzer  # 4Catalyzer (0 jobs)
palmetto  # Palmetto (0 jobs)
auditboard  # AuditBoard (0 jobs)
crew  # Crew (0 jobs)
thakoon  # Thakoon (0 jobs)
symphony  # Symphony (0 jobs)
oni  # ONI (0 jobs)
waterlinedata  # Waterline Data (0 jobs)
clever.ly  # Clever.ly (0 jobs)
marble  # Marble (0 jobs)
e.smithheating&airconditioning  # E. Smith Heating & Air Conditioning (0 jobs)
latch  # Latch (0 jobs)
manychat  # ManyChat (0 jobs)
widgetco  # WidgetCo (0 jobs)
t.elentenyimports  # T. Elenteny Imports (0 jobs)
twochairs  # Two Chairs (0 jobs)
monsido  # Monsido (0 jobs)
guidepoint  # GuidePoint (0 jobs)
nomadfinancial  # Nomad Financial (0 jobs)
teltech  # Teltech (0 jobs)
ember  # Ember (0 jobs)
e.jones&associates  # E. Jones & Associates (0 jobs)
jyve  # Jyve (0 jobs)
moveworks  # Moveworks (0 jobs)
simplelegal  # SimpleLegal (0 jobs)
quoine  # QUOINE (0 jobs)
penta  # PENTA (0 jobs)
relativity  # Relativity (0 jobs)
structural  # Structural (0 jobs)
?browardcountyaviationdepartment  # ?Broward County Aviation Department (0 jobs)
wavemaker  # Wavemaker (0 jobs)
e.anthonymeetings&events  # E. Anthony Meetings & Events (0 jobs)
telaria  # Telaria (0 jobs)
e.clarketravel  # E. Clarke Travel (0 jobs)
paradigm  # PARADIGM (0 jobs)
events.org  # Events.org (0 jobs)
virtudent  # Virtudent (0 jobs)
bentobox  # BentoBox (0 jobs)
blackboardinsurance  # Blackboard Insurance (0 jobs)
blvd  # BLVD (0 jobs)
bseglobal  # BSE Global (0 jobs)
t.kingbuildingservices  # T. King Building Services (0 jobs)
#paid  # #paid (0 jobs)
sonder  # Sonder (0 jobs)
e.8denimhouse  # E.8 Denim House (0 jobs)
braingu  # BrainGu (0 jobs)
fossa  # FOSSA (0 jobs)
e.jordanbrookes  # E. Jordan Brookes (0 jobs)
realproducers  # Real Producers (0 jobs)
theguild  # The Guild (0 jobs)
prose  # Prose (0 jobs)
summitautomotive  # Summit Automotive (0 jobs)
clever  # Clever (0 jobs)
movo  # Movo (0 jobs)
anchor  # Anchor (0 jobs)
boundlessimmigration  # Boundless Immigration (0 jobs)
t.cdefense  # T.C Defense (0 jobs)
arc  # ARC (0 jobs)
biofire  # Biofire (0 jobs)
rakutenmedical  # Rakuten Medical (0 jobs)
polarityte  # PolarityTE (0 jobs)
museumoficecream  # Museum of Ice Cream (0 jobs)
productsup  # Productsup (0 jobs)
trustwork  # Trustwork (0 jobs)
#hashoff  # #HASHOFF (0 jobs)
symphonyretailai  # Symphony RetailAI (0 jobs)
alloy  # Alloy (0 jobs)
cardiogram  # Cardiogram (0 jobs)
hammerhead  # Hammerhead (0 jobs)
e  # E (0 jobs)
somatus  # Somatus (0 jobs)
t.loft  # t.Loft (0 jobs)
whiteoak  # Whiteoak (0 jobs)
buck  # Buck (0 jobs)
hackeru  # HackerU (0 jobs)
prose  # PROSE (0 jobs)
t.potteradvertising  # T. Potter Advertising (0 jobs)
aisera  # Aisera (0 jobs)
radar  # RADAR (0 jobs)
route  # Route (0 jobs)
imbellus  # Imbellus (0 jobs)
landis  # Landis (0 jobs)
data.world(tx)  # data.world (TX) (0 jobs)
t.edwardwines&spirits  # T. Edward Wines & Spirits (0 jobs)
marketplacechaplains  # Marketplace Chaplains (0 jobs)
negotiatus  # Negotiatus (0 jobs)
greenlightclinical  # GreenLight Clinical (0 jobs)
kodewithklossy  # Kode With Klossy (0 jobs)
thorn  # Thorn (0 jobs)
jetblack  # Jet black (0 jobs)
nextdoor  # Next Door (0 jobs)
axiom  # AXIOM (0 jobs)
themomproject  # The Mom Project (0 jobs)
symphonyai  # SymphonyAI (0 jobs)
concertohealthai  # Concerto HealthAI (0 jobs)
next  # Next (0 jobs)
consumerdirectcarenetwork  # Consumer Direct Care Network (0 jobs)
globalteletherapy  # Global Teletherapy (0 jobs)
hq  # HQ (0 jobs)
spryhealth  # Spry Health (0 jobs)
centuriafoods  # Centuria Foods (0 jobs)
hederahashgraph  # Hedera Hashgraph (0 jobs)
qwil  # Qwil (0 jobs)
rayden  # Rayden (0 jobs)
e.grudandsons  # E.G Rud and Sons (0 jobs)
stonebarnscenter  # Stone Barns Center (0 jobs)
zero  # Zero (0 jobs)
drumtechnologies  # Drum Technologies (0 jobs)
#hypervote  # #hyperVote (0 jobs)
insperience  # Insperience (0 jobs)
data.con  # DATA.CON (0 jobs)
university  # University (0 jobs)
e.allenboutique  # e.Allen Boutique (0 jobs)
aura  # Aura (0 jobs)
vidacann  # VidaCann (0 jobs)
radar  # Radar (0 jobs)
polis  # Polis (0 jobs)
e.martindavidoff&associates  # E. Martin Davidoff & Associates (0 jobs)
e.gsain  # E.G Sain (0 jobs)
radar  # Radar (0 jobs)
trinitylogistics  # Trinity Logistics (0 jobs)
poloniex  # Poloniex (0 jobs)
skylight  # Skylight (0 jobs)
e.pikounisconstruction  # E.Pikounis Construction (0 jobs)
